comp,problem_idx,model_name,model_config,idx_answer,correct
hmmt_nov_2025,2,Kimi K2 Thinking,moonshot/k2-thinking,0,true
hmmt_nov_2025,2,Kimi K2 Thinking,moonshot/k2-thinking,1,true
hmmt_nov_2025,2,Kimi K2 Thinking,moonshot/k2-thinking,2,true
hmmt_nov_2025,2,Kimi K2 Thinking,moonshot/k2-thinking,3,true
hmmt_nov_2025,15,Kimi K2 Thinking,moonshot/k2-thinking,0,true
hmmt_nov_2025,15,Kimi K2 Thinking,moonshot/k2-thinking,1,true
hmmt_nov_2025,15,Kimi K2 Thinking,moonshot/k2-thinking,2,true
hmmt_nov_2025,15,Kimi K2 Thinking,moonshot/k2-thinking,3,true
hmmt_nov_2025,13,Kimi K2 Thinking,moonshot/k2-thinking,0,true
hmmt_nov_2025,13,Kimi K2 Thinking,moonshot/k2-thinking,1,true
hmmt_nov_2025,13,Kimi K2 Thinking,moonshot/k2-thinking,2,true
hmmt_nov_2025,13,Kimi K2 Thinking,moonshot/k2-thinking,3,true
hmmt_nov_2025,11,Kimi K2 Thinking,moonshot/k2-thinking,0,true
hmmt_nov_2025,11,Kimi K2 Thinking,moonshot/k2-thinking,1,true
hmmt_nov_2025,11,Kimi K2 Thinking,moonshot/k2-thinking,2,true
hmmt_nov_2025,11,Kimi K2 Thinking,moonshot/k2-thinking,3,true
hmmt_nov_2025,21,Kimi K2 Thinking,moonshot/k2-thinking,0,true
hmmt_nov_2025,21,Kimi K2 Thinking,moonshot/k2-thinking,1,true
hmmt_nov_2025,21,Kimi K2 Thinking,moonshot/k2-thinking,2,true
hmmt_nov_2025,21,Kimi K2 Thinking,moonshot/k2-thinking,3,true
hmmt_nov_2025,27,Kimi K2 Thinking,moonshot/k2-thinking,0,true
hmmt_nov_2025,27,Kimi K2 Thinking,moonshot/k2-thinking,1,true
hmmt_nov_2025,27,Kimi K2 Thinking,moonshot/k2-thinking,2,true
hmmt_nov_2025,27,Kimi K2 Thinking,moonshot/k2-thinking,3,true
hmmt_nov_2025,7,Kimi K2 Thinking,moonshot/k2-thinking,0,true
hmmt_nov_2025,7,Kimi K2 Thinking,moonshot/k2-thinking,1,true
hmmt_nov_2025,7,Kimi K2 Thinking,moonshot/k2-thinking,2,true
hmmt_nov_2025,7,Kimi K2 Thinking,moonshot/k2-thinking,3,true
hmmt_nov_2025,28,Kimi K2 Thinking,moonshot/k2-thinking,0,false
hmmt_nov_2025,28,Kimi K2 Thinking,moonshot/k2-thinking,1,false
hmmt_nov_2025,28,Kimi K2 Thinking,moonshot/k2-thinking,2,false
hmmt_nov_2025,28,Kimi K2 Thinking,moonshot/k2-thinking,3,false
hmmt_nov_2025,25,Kimi K2 Thinking,moonshot/k2-thinking,0,true
hmmt_nov_2025,25,Kimi K2 Thinking,moonshot/k2-thinking,1,true
hmmt_nov_2025,25,Kimi K2 Thinking,moonshot/k2-thinking,2,true
hmmt_nov_2025,25,Kimi K2 Thinking,moonshot/k2-thinking,3,true
hmmt_nov_2025,10,Kimi K2 Thinking,moonshot/k2-thinking,0,false
hmmt_nov_2025,10,Kimi K2 Thinking,moonshot/k2-thinking,1,false
hmmt_nov_2025,10,Kimi K2 Thinking,moonshot/k2-thinking,2,false
hmmt_nov_2025,10,Kimi K2 Thinking,moonshot/k2-thinking,3,false
hmmt_nov_2025,1,Kimi K2 Thinking,moonshot/k2-thinking,0,true
hmmt_nov_2025,1,Kimi K2 Thinking,moonshot/k2-thinking,1,true
hmmt_nov_2025,1,Kimi K2 Thinking,moonshot/k2-thinking,2,true
hmmt_nov_2025,1,Kimi K2 Thinking,moonshot/k2-thinking,3,true
hmmt_nov_2025,14,Kimi K2 Thinking,moonshot/k2-thinking,0,true
hmmt_nov_2025,14,Kimi K2 Thinking,moonshot/k2-thinking,1,true
hmmt_nov_2025,14,Kimi K2 Thinking,moonshot/k2-thinking,2,true
hmmt_nov_2025,14,Kimi K2 Thinking,moonshot/k2-thinking,3,true
hmmt_nov_2025,30,Kimi K2 Thinking,moonshot/k2-thinking,0,true
hmmt_nov_2025,30,Kimi K2 Thinking,moonshot/k2-thinking,1,true
hmmt_nov_2025,30,Kimi K2 Thinking,moonshot/k2-thinking,2,false
hmmt_nov_2025,30,Kimi K2 Thinking,moonshot/k2-thinking,3,true
hmmt_nov_2025,12,Kimi K2 Thinking,moonshot/k2-thinking,0,true
hmmt_nov_2025,12,Kimi K2 Thinking,moonshot/k2-thinking,1,true
hmmt_nov_2025,12,Kimi K2 Thinking,moonshot/k2-thinking,2,true
hmmt_nov_2025,12,Kimi K2 Thinking,moonshot/k2-thinking,3,true
hmmt_nov_2025,26,Kimi K2 Thinking,moonshot/k2-thinking,0,false
hmmt_nov_2025,26,Kimi K2 Thinking,moonshot/k2-thinking,1,true
hmmt_nov_2025,26,Kimi K2 Thinking,moonshot/k2-thinking,2,true
hmmt_nov_2025,26,Kimi K2 Thinking,moonshot/k2-thinking,3,true
hmmt_nov_2025,24,Kimi K2 Thinking,moonshot/k2-thinking,0,true
hmmt_nov_2025,24,Kimi K2 Thinking,moonshot/k2-thinking,1,true
hmmt_nov_2025,24,Kimi K2 Thinking,moonshot/k2-thinking,2,true
hmmt_nov_2025,24,Kimi K2 Thinking,moonshot/k2-thinking,3,true
hmmt_nov_2025,8,Kimi K2 Thinking,moonshot/k2-thinking,0,true
hmmt_nov_2025,8,Kimi K2 Thinking,moonshot/k2-thinking,1,true
hmmt_nov_2025,8,Kimi K2 Thinking,moonshot/k2-thinking,2,true
hmmt_nov_2025,8,Kimi K2 Thinking,moonshot/k2-thinking,3,false
hmmt_nov_2025,16,Kimi K2 Thinking,moonshot/k2-thinking,0,false
hmmt_nov_2025,16,Kimi K2 Thinking,moonshot/k2-thinking,1,true
hmmt_nov_2025,16,Kimi K2 Thinking,moonshot/k2-thinking,2,true
hmmt_nov_2025,16,Kimi K2 Thinking,moonshot/k2-thinking,3,true
hmmt_nov_2025,4,Kimi K2 Thinking,moonshot/k2-thinking,0,true
hmmt_nov_2025,4,Kimi K2 Thinking,moonshot/k2-thinking,1,true
hmmt_nov_2025,4,Kimi K2 Thinking,moonshot/k2-thinking,2,true
hmmt_nov_2025,4,Kimi K2 Thinking,moonshot/k2-thinking,3,true
hmmt_nov_2025,18,Kimi K2 Thinking,moonshot/k2-thinking,0,true
hmmt_nov_2025,18,Kimi K2 Thinking,moonshot/k2-thinking,1,true
hmmt_nov_2025,18,Kimi K2 Thinking,moonshot/k2-thinking,2,true
hmmt_nov_2025,18,Kimi K2 Thinking,moonshot/k2-thinking,3,true
hmmt_nov_2025,23,Kimi K2 Thinking,moonshot/k2-thinking,0,true
hmmt_nov_2025,23,Kimi K2 Thinking,moonshot/k2-thinking,1,true
hmmt_nov_2025,23,Kimi K2 Thinking,moonshot/k2-thinking,2,true
hmmt_nov_2025,23,Kimi K2 Thinking,moonshot/k2-thinking,3,true
hmmt_nov_2025,22,Kimi K2 Thinking,moonshot/k2-thinking,0,true
hmmt_nov_2025,22,Kimi K2 Thinking,moonshot/k2-thinking,1,true
hmmt_nov_2025,22,Kimi K2 Thinking,moonshot/k2-thinking,2,true
hmmt_nov_2025,22,Kimi K2 Thinking,moonshot/k2-thinking,3,true
hmmt_nov_2025,17,Kimi K2 Thinking,moonshot/k2-thinking,0,true
hmmt_nov_2025,17,Kimi K2 Thinking,moonshot/k2-thinking,1,true
hmmt_nov_2025,17,Kimi K2 Thinking,moonshot/k2-thinking,2,true
hmmt_nov_2025,17,Kimi K2 Thinking,moonshot/k2-thinking,3,true
hmmt_nov_2025,3,Kimi K2 Thinking,moonshot/k2-thinking,0,true
hmmt_nov_2025,3,Kimi K2 Thinking,moonshot/k2-thinking,1,true
hmmt_nov_2025,3,Kimi K2 Thinking,moonshot/k2-thinking,2,true
hmmt_nov_2025,3,Kimi K2 Thinking,moonshot/k2-thinking,3,true
hmmt_nov_2025,20,Kimi K2 Thinking,moonshot/k2-thinking,0,true
hmmt_nov_2025,20,Kimi K2 Thinking,moonshot/k2-thinking,1,true
hmmt_nov_2025,20,Kimi K2 Thinking,moonshot/k2-thinking,2,true
hmmt_nov_2025,20,Kimi K2 Thinking,moonshot/k2-thinking,3,true
hmmt_nov_2025,9,Kimi K2 Thinking,moonshot/k2-thinking,0,true
hmmt_nov_2025,9,Kimi K2 Thinking,moonshot/k2-thinking,1,true
hmmt_nov_2025,9,Kimi K2 Thinking,moonshot/k2-thinking,2,true
hmmt_nov_2025,9,Kimi K2 Thinking,moonshot/k2-thinking,3,true
hmmt_nov_2025,29,Kimi K2 Thinking,moonshot/k2-thinking,0,true
hmmt_nov_2025,29,Kimi K2 Thinking,moonshot/k2-thinking,1,true
hmmt_nov_2025,29,Kimi K2 Thinking,moonshot/k2-thinking,2,true
hmmt_nov_2025,29,Kimi K2 Thinking,moonshot/k2-thinking,3,true
hmmt_nov_2025,19,Kimi K2 Thinking,moonshot/k2-thinking,0,true
hmmt_nov_2025,19,Kimi K2 Thinking,moonshot/k2-thinking,1,true
hmmt_nov_2025,19,Kimi K2 Thinking,moonshot/k2-thinking,2,true
hmmt_nov_2025,19,Kimi K2 Thinking,moonshot/k2-thinking,3,false
hmmt_nov_2025,6,Kimi K2 Thinking,moonshot/k2-thinking,0,true
hmmt_nov_2025,6,Kimi K2 Thinking,moonshot/k2-thinking,1,true
hmmt_nov_2025,6,Kimi K2 Thinking,moonshot/k2-thinking,2,true
hmmt_nov_2025,6,Kimi K2 Thinking,moonshot/k2-thinking,3,true
hmmt_nov_2025,5,Kimi K2 Thinking,moonshot/k2-thinking,0,true
hmmt_nov_2025,5,Kimi K2 Thinking,moonshot/k2-thinking,1,true
hmmt_nov_2025,5,Kimi K2 Thinking,moonshot/k2-thinking,2,true
hmmt_nov_2025,5,Kimi K2 Thinking,moonshot/k2-thinking,3,true
hmmt_nov_2025,2,Kimi K2.5 (Think),moonshot/k25,0,true
hmmt_nov_2025,2,Kimi K2.5 (Think),moonshot/k25,1,true
hmmt_nov_2025,2,Kimi K2.5 (Think),moonshot/k25,2,true
hmmt_nov_2025,2,Kimi K2.5 (Think),moonshot/k25,3,true
hmmt_nov_2025,15,Kimi K2.5 (Think),moonshot/k25,0,true
hmmt_nov_2025,15,Kimi K2.5 (Think),moonshot/k25,1,true
hmmt_nov_2025,15,Kimi K2.5 (Think),moonshot/k25,2,true
hmmt_nov_2025,15,Kimi K2.5 (Think),moonshot/k25,3,true
hmmt_nov_2025,13,Kimi K2.5 (Think),moonshot/k25,0,true
hmmt_nov_2025,13,Kimi K2.5 (Think),moonshot/k25,1,true
hmmt_nov_2025,13,Kimi K2.5 (Think),moonshot/k25,2,true
hmmt_nov_2025,13,Kimi K2.5 (Think),moonshot/k25,3,true
hmmt_nov_2025,11,Kimi K2.5 (Think),moonshot/k25,0,true
hmmt_nov_2025,11,Kimi K2.5 (Think),moonshot/k25,1,true
hmmt_nov_2025,11,Kimi K2.5 (Think),moonshot/k25,2,true
hmmt_nov_2025,11,Kimi K2.5 (Think),moonshot/k25,3,true
hmmt_nov_2025,21,Kimi K2.5 (Think),moonshot/k25,0,true
hmmt_nov_2025,21,Kimi K2.5 (Think),moonshot/k25,1,true
hmmt_nov_2025,21,Kimi K2.5 (Think),moonshot/k25,2,true
hmmt_nov_2025,21,Kimi K2.5 (Think),moonshot/k25,3,true
hmmt_nov_2025,27,Kimi K2.5 (Think),moonshot/k25,0,true
hmmt_nov_2025,27,Kimi K2.5 (Think),moonshot/k25,1,true
hmmt_nov_2025,27,Kimi K2.5 (Think),moonshot/k25,2,true
hmmt_nov_2025,27,Kimi K2.5 (Think),moonshot/k25,3,true
hmmt_nov_2025,7,Kimi K2.5 (Think),moonshot/k25,0,true
hmmt_nov_2025,7,Kimi K2.5 (Think),moonshot/k25,1,true
hmmt_nov_2025,7,Kimi K2.5 (Think),moonshot/k25,2,true
hmmt_nov_2025,7,Kimi K2.5 (Think),moonshot/k25,3,true
hmmt_nov_2025,28,Kimi K2.5 (Think),moonshot/k25,0,false
hmmt_nov_2025,28,Kimi K2.5 (Think),moonshot/k25,1,false
hmmt_nov_2025,28,Kimi K2.5 (Think),moonshot/k25,2,false
hmmt_nov_2025,28,Kimi K2.5 (Think),moonshot/k25,3,false
hmmt_nov_2025,25,Kimi K2.5 (Think),moonshot/k25,0,true
hmmt_nov_2025,25,Kimi K2.5 (Think),moonshot/k25,1,true
hmmt_nov_2025,25,Kimi K2.5 (Think),moonshot/k25,2,true
hmmt_nov_2025,25,Kimi K2.5 (Think),moonshot/k25,3,true
hmmt_nov_2025,10,Kimi K2.5 (Think),moonshot/k25,0,false
hmmt_nov_2025,10,Kimi K2.5 (Think),moonshot/k25,1,false
hmmt_nov_2025,10,Kimi K2.5 (Think),moonshot/k25,2,false
hmmt_nov_2025,10,Kimi K2.5 (Think),moonshot/k25,3,false
hmmt_nov_2025,1,Kimi K2.5 (Think),moonshot/k25,0,true
hmmt_nov_2025,1,Kimi K2.5 (Think),moonshot/k25,1,true
hmmt_nov_2025,1,Kimi K2.5 (Think),moonshot/k25,2,true
hmmt_nov_2025,1,Kimi K2.5 (Think),moonshot/k25,3,true
hmmt_nov_2025,14,Kimi K2.5 (Think),moonshot/k25,0,true
hmmt_nov_2025,14,Kimi K2.5 (Think),moonshot/k25,1,true
hmmt_nov_2025,14,Kimi K2.5 (Think),moonshot/k25,2,true
hmmt_nov_2025,14,Kimi K2.5 (Think),moonshot/k25,3,true
hmmt_nov_2025,30,Kimi K2.5 (Think),moonshot/k25,0,true
hmmt_nov_2025,30,Kimi K2.5 (Think),moonshot/k25,1,false
hmmt_nov_2025,30,Kimi K2.5 (Think),moonshot/k25,2,false
hmmt_nov_2025,30,Kimi K2.5 (Think),moonshot/k25,3,false
hmmt_nov_2025,12,Kimi K2.5 (Think),moonshot/k25,0,true
hmmt_nov_2025,12,Kimi K2.5 (Think),moonshot/k25,1,true
hmmt_nov_2025,12,Kimi K2.5 (Think),moonshot/k25,2,true
hmmt_nov_2025,12,Kimi K2.5 (Think),moonshot/k25,3,true
hmmt_nov_2025,26,Kimi K2.5 (Think),moonshot/k25,0,true
hmmt_nov_2025,26,Kimi K2.5 (Think),moonshot/k25,1,true
hmmt_nov_2025,26,Kimi K2.5 (Think),moonshot/k25,2,true
hmmt_nov_2025,26,Kimi K2.5 (Think),moonshot/k25,3,true
hmmt_nov_2025,24,Kimi K2.5 (Think),moonshot/k25,0,true
hmmt_nov_2025,24,Kimi K2.5 (Think),moonshot/k25,1,true
hmmt_nov_2025,24,Kimi K2.5 (Think),moonshot/k25,2,true
hmmt_nov_2025,24,Kimi K2.5 (Think),moonshot/k25,3,true
hmmt_nov_2025,8,Kimi K2.5 (Think),moonshot/k25,0,true
hmmt_nov_2025,8,Kimi K2.5 (Think),moonshot/k25,1,true
hmmt_nov_2025,8,Kimi K2.5 (Think),moonshot/k25,2,true
hmmt_nov_2025,8,Kimi K2.5 (Think),moonshot/k25,3,true
hmmt_nov_2025,16,Kimi K2.5 (Think),moonshot/k25,0,true
hmmt_nov_2025,16,Kimi K2.5 (Think),moonshot/k25,1,true
hmmt_nov_2025,16,Kimi K2.5 (Think),moonshot/k25,2,true
hmmt_nov_2025,16,Kimi K2.5 (Think),moonshot/k25,3,true
hmmt_nov_2025,4,Kimi K2.5 (Think),moonshot/k25,0,true
hmmt_nov_2025,4,Kimi K2.5 (Think),moonshot/k25,1,true
hmmt_nov_2025,4,Kimi K2.5 (Think),moonshot/k25,2,true
hmmt_nov_2025,4,Kimi K2.5 (Think),moonshot/k25,3,true
hmmt_nov_2025,18,Kimi K2.5 (Think),moonshot/k25,0,true
hmmt_nov_2025,18,Kimi K2.5 (Think),moonshot/k25,1,true
hmmt_nov_2025,18,Kimi K2.5 (Think),moonshot/k25,2,true
hmmt_nov_2025,18,Kimi K2.5 (Think),moonshot/k25,3,true
hmmt_nov_2025,23,Kimi K2.5 (Think),moonshot/k25,0,true
hmmt_nov_2025,23,Kimi K2.5 (Think),moonshot/k25,1,true
hmmt_nov_2025,23,Kimi K2.5 (Think),moonshot/k25,2,true
hmmt_nov_2025,23,Kimi K2.5 (Think),moonshot/k25,3,true
hmmt_nov_2025,22,Kimi K2.5 (Think),moonshot/k25,0,true
hmmt_nov_2025,22,Kimi K2.5 (Think),moonshot/k25,1,false
hmmt_nov_2025,22,Kimi K2.5 (Think),moonshot/k25,2,true
hmmt_nov_2025,22,Kimi K2.5 (Think),moonshot/k25,3,false
hmmt_nov_2025,17,Kimi K2.5 (Think),moonshot/k25,0,true
hmmt_nov_2025,17,Kimi K2.5 (Think),moonshot/k25,1,true
hmmt_nov_2025,17,Kimi K2.5 (Think),moonshot/k25,2,true
hmmt_nov_2025,17,Kimi K2.5 (Think),moonshot/k25,3,true
hmmt_nov_2025,3,Kimi K2.5 (Think),moonshot/k25,0,true
hmmt_nov_2025,3,Kimi K2.5 (Think),moonshot/k25,1,true
hmmt_nov_2025,3,Kimi K2.5 (Think),moonshot/k25,2,true
hmmt_nov_2025,3,Kimi K2.5 (Think),moonshot/k25,3,true
hmmt_nov_2025,20,Kimi K2.5 (Think),moonshot/k25,0,true
hmmt_nov_2025,20,Kimi K2.5 (Think),moonshot/k25,1,true
hmmt_nov_2025,20,Kimi K2.5 (Think),moonshot/k25,2,true
hmmt_nov_2025,20,Kimi K2.5 (Think),moonshot/k25,3,true
hmmt_nov_2025,9,Kimi K2.5 (Think),moonshot/k25,0,true
hmmt_nov_2025,9,Kimi K2.5 (Think),moonshot/k25,1,true
hmmt_nov_2025,9,Kimi K2.5 (Think),moonshot/k25,2,true
hmmt_nov_2025,9,Kimi K2.5 (Think),moonshot/k25,3,true
hmmt_nov_2025,29,Kimi K2.5 (Think),moonshot/k25,0,true
hmmt_nov_2025,29,Kimi K2.5 (Think),moonshot/k25,1,true
hmmt_nov_2025,29,Kimi K2.5 (Think),moonshot/k25,2,true
hmmt_nov_2025,29,Kimi K2.5 (Think),moonshot/k25,3,true
hmmt_nov_2025,19,Kimi K2.5 (Think),moonshot/k25,0,true
hmmt_nov_2025,19,Kimi K2.5 (Think),moonshot/k25,1,true
hmmt_nov_2025,19,Kimi K2.5 (Think),moonshot/k25,2,true
hmmt_nov_2025,19,Kimi K2.5 (Think),moonshot/k25,3,true
hmmt_nov_2025,6,Kimi K2.5 (Think),moonshot/k25,0,true
hmmt_nov_2025,6,Kimi K2.5 (Think),moonshot/k25,1,true
hmmt_nov_2025,6,Kimi K2.5 (Think),moonshot/k25,2,true
hmmt_nov_2025,6,Kimi K2.5 (Think),moonshot/k25,3,true
hmmt_nov_2025,5,Kimi K2.5 (Think),moonshot/k25,0,true
hmmt_nov_2025,5,Kimi K2.5 (Think),moonshot/k25,1,true
hmmt_nov_2025,5,Kimi K2.5 (Think),moonshot/k25,2,true
hmmt_nov_2025,5,Kimi K2.5 (Think),moonshot/k25,3,true
hmmt_nov_2025,2,DeepSeek-v3.2-Speciale,deepseek/deepseek_v32_special,0,true
hmmt_nov_2025,2,DeepSeek-v3.2-Speciale,deepseek/deepseek_v32_special,1,true
hmmt_nov_2025,2,DeepSeek-v3.2-Speciale,deepseek/deepseek_v32_special,2,true
hmmt_nov_2025,2,DeepSeek-v3.2-Speciale,deepseek/deepseek_v32_special,3,true
hmmt_nov_2025,15,DeepSeek-v3.2-Speciale,deepseek/deepseek_v32_special,0,true
hmmt_nov_2025,15,DeepSeek-v3.2-Speciale,deepseek/deepseek_v32_special,1,true
hmmt_nov_2025,15,DeepSeek-v3.2-Speciale,deepseek/deepseek_v32_special,2,true
hmmt_nov_2025,15,DeepSeek-v3.2-Speciale,deepseek/deepseek_v32_special,3,true
hmmt_nov_2025,13,DeepSeek-v3.2-Speciale,deepseek/deepseek_v32_special,0,true
hmmt_nov_2025,13,DeepSeek-v3.2-Speciale,deepseek/deepseek_v32_special,1,true
hmmt_nov_2025,13,DeepSeek-v3.2-Speciale,deepseek/deepseek_v32_special,2,true
hmmt_nov_2025,13,DeepSeek-v3.2-Speciale,deepseek/deepseek_v32_special,3,true
hmmt_nov_2025,11,DeepSeek-v3.2-Speciale,deepseek/deepseek_v32_special,0,true
hmmt_nov_2025,11,DeepSeek-v3.2-Speciale,deepseek/deepseek_v32_special,1,true
hmmt_nov_2025,11,DeepSeek-v3.2-Speciale,deepseek/deepseek_v32_special,2,true
hmmt_nov_2025,11,DeepSeek-v3.2-Speciale,deepseek/deepseek_v32_special,3,true
hmmt_nov_2025,21,DeepSeek-v3.2-Speciale,deepseek/deepseek_v32_special,0,true
hmmt_nov_2025,21,DeepSeek-v3.2-Speciale,deepseek/deepseek_v32_special,1,true
hmmt_nov_2025,21,DeepSeek-v3.2-Speciale,deepseek/deepseek_v32_special,2,true
hmmt_nov_2025,21,DeepSeek-v3.2-Speciale,deepseek/deepseek_v32_special,3,true
hmmt_nov_2025,27,DeepSeek-v3.2-Speciale,deepseek/deepseek_v32_special,0,true
hmmt_nov_2025,27,DeepSeek-v3.2-Speciale,deepseek/deepseek_v32_special,1,true
hmmt_nov_2025,27,DeepSeek-v3.2-Speciale,deepseek/deepseek_v32_special,2,true
hmmt_nov_2025,27,DeepSeek-v3.2-Speciale,deepseek/deepseek_v32_special,3,true
hmmt_nov_2025,7,DeepSeek-v3.2-Speciale,deepseek/deepseek_v32_special,0,true
hmmt_nov_2025,7,DeepSeek-v3.2-Speciale,deepseek/deepseek_v32_special,1,true
hmmt_nov_2025,7,DeepSeek-v3.2-Speciale,deepseek/deepseek_v32_special,2,false
hmmt_nov_2025,7,DeepSeek-v3.2-Speciale,deepseek/deepseek_v32_special,3,true
hmmt_nov_2025,28,DeepSeek-v3.2-Speciale,deepseek/deepseek_v32_special,0,true
hmmt_nov_2025,28,DeepSeek-v3.2-Speciale,deepseek/deepseek_v32_special,1,false
hmmt_nov_2025,28,DeepSeek-v3.2-Speciale,deepseek/deepseek_v32_special,2,false
hmmt_nov_2025,28,DeepSeek-v3.2-Speciale,deepseek/deepseek_v32_special,3,true
hmmt_nov_2025,25,DeepSeek-v3.2-Speciale,deepseek/deepseek_v32_special,0,true
hmmt_nov_2025,25,DeepSeek-v3.2-Speciale,deepseek/deepseek_v32_special,1,false
hmmt_nov_2025,25,DeepSeek-v3.2-Speciale,deepseek/deepseek_v32_special,2,true
hmmt_nov_2025,25,DeepSeek-v3.2-Speciale,deepseek/deepseek_v32_special,3,true
hmmt_nov_2025,10,DeepSeek-v3.2-Speciale,deepseek/deepseek_v32_special,0,false
hmmt_nov_2025,10,DeepSeek-v3.2-Speciale,deepseek/deepseek_v32_special,1,false
hmmt_nov_2025,10,DeepSeek-v3.2-Speciale,deepseek/deepseek_v32_special,2,false
hmmt_nov_2025,10,DeepSeek-v3.2-Speciale,deepseek/deepseek_v32_special,3,true
hmmt_nov_2025,1,DeepSeek-v3.2-Speciale,deepseek/deepseek_v32_special,0,true
hmmt_nov_2025,1,DeepSeek-v3.2-Speciale,deepseek/deepseek_v32_special,1,true
hmmt_nov_2025,1,DeepSeek-v3.2-Speciale,deepseek/deepseek_v32_special,2,true
hmmt_nov_2025,1,DeepSeek-v3.2-Speciale,deepseek/deepseek_v32_special,3,true
hmmt_nov_2025,14,DeepSeek-v3.2-Speciale,deepseek/deepseek_v32_special,0,true
hmmt_nov_2025,14,DeepSeek-v3.2-Speciale,deepseek/deepseek_v32_special,1,true
hmmt_nov_2025,14,DeepSeek-v3.2-Speciale,deepseek/deepseek_v32_special,2,true
hmmt_nov_2025,14,DeepSeek-v3.2-Speciale,deepseek/deepseek_v32_special,3,true
hmmt_nov_2025,30,DeepSeek-v3.2-Speciale,deepseek/deepseek_v32_special,0,true
hmmt_nov_2025,30,DeepSeek-v3.2-Speciale,deepseek/deepseek_v32_special,1,true
hmmt_nov_2025,30,DeepSeek-v3.2-Speciale,deepseek/deepseek_v32_special,2,true
hmmt_nov_2025,30,DeepSeek-v3.2-Speciale,deepseek/deepseek_v32_special,3,false
hmmt_nov_2025,12,DeepSeek-v3.2-Speciale,deepseek/deepseek_v32_special,0,true
hmmt_nov_2025,12,DeepSeek-v3.2-Speciale,deepseek/deepseek_v32_special,1,true
hmmt_nov_2025,12,DeepSeek-v3.2-Speciale,deepseek/deepseek_v32_special,2,true
hmmt_nov_2025,12,DeepSeek-v3.2-Speciale,deepseek/deepseek_v32_special,3,true
hmmt_nov_2025,26,DeepSeek-v3.2-Speciale,deepseek/deepseek_v32_special,0,true
hmmt_nov_2025,26,DeepSeek-v3.2-Speciale,deepseek/deepseek_v32_special,1,true
hmmt_nov_2025,26,DeepSeek-v3.2-Speciale,deepseek/deepseek_v32_special,2,true
hmmt_nov_2025,26,DeepSeek-v3.2-Speciale,deepseek/deepseek_v32_special,3,true
hmmt_nov_2025,24,DeepSeek-v3.2-Speciale,deepseek/deepseek_v32_special,0,true
hmmt_nov_2025,24,DeepSeek-v3.2-Speciale,deepseek/deepseek_v32_special,1,true
hmmt_nov_2025,24,DeepSeek-v3.2-Speciale,deepseek/deepseek_v32_special,2,true
hmmt_nov_2025,24,DeepSeek-v3.2-Speciale,deepseek/deepseek_v32_special,3,true
hmmt_nov_2025,8,DeepSeek-v3.2-Speciale,deepseek/deepseek_v32_special,0,true
hmmt_nov_2025,8,DeepSeek-v3.2-Speciale,deepseek/deepseek_v32_special,1,true
hmmt_nov_2025,8,DeepSeek-v3.2-Speciale,deepseek/deepseek_v32_special,2,true
hmmt_nov_2025,8,DeepSeek-v3.2-Speciale,deepseek/deepseek_v32_special,3,true
hmmt_nov_2025,16,DeepSeek-v3.2-Speciale,deepseek/deepseek_v32_special,0,true
hmmt_nov_2025,16,DeepSeek-v3.2-Speciale,deepseek/deepseek_v32_special,1,true
hmmt_nov_2025,16,DeepSeek-v3.2-Speciale,deepseek/deepseek_v32_special,2,true
hmmt_nov_2025,16,DeepSeek-v3.2-Speciale,deepseek/deepseek_v32_special,3,true
hmmt_nov_2025,4,DeepSeek-v3.2-Speciale,deepseek/deepseek_v32_special,0,true
hmmt_nov_2025,4,DeepSeek-v3.2-Speciale,deepseek/deepseek_v32_special,1,true
hmmt_nov_2025,4,DeepSeek-v3.2-Speciale,deepseek/deepseek_v32_special,2,true
hmmt_nov_2025,4,DeepSeek-v3.2-Speciale,deepseek/deepseek_v32_special,3,true
hmmt_nov_2025,18,DeepSeek-v3.2-Speciale,deepseek/deepseek_v32_special,0,true
hmmt_nov_2025,18,DeepSeek-v3.2-Speciale,deepseek/deepseek_v32_special,1,true
hmmt_nov_2025,18,DeepSeek-v3.2-Speciale,deepseek/deepseek_v32_special,2,true
hmmt_nov_2025,18,DeepSeek-v3.2-Speciale,deepseek/deepseek_v32_special,3,true
hmmt_nov_2025,23,DeepSeek-v3.2-Speciale,deepseek/deepseek_v32_special,0,true
hmmt_nov_2025,23,DeepSeek-v3.2-Speciale,deepseek/deepseek_v32_special,1,true
hmmt_nov_2025,23,DeepSeek-v3.2-Speciale,deepseek/deepseek_v32_special,2,true
hmmt_nov_2025,23,DeepSeek-v3.2-Speciale,deepseek/deepseek_v32_special,3,true
hmmt_nov_2025,22,DeepSeek-v3.2-Speciale,deepseek/deepseek_v32_special,0,true
hmmt_nov_2025,22,DeepSeek-v3.2-Speciale,deepseek/deepseek_v32_special,1,true
hmmt_nov_2025,22,DeepSeek-v3.2-Speciale,deepseek/deepseek_v32_special,2,true
hmmt_nov_2025,22,DeepSeek-v3.2-Speciale,deepseek/deepseek_v32_special,3,true
hmmt_nov_2025,17,DeepSeek-v3.2-Speciale,deepseek/deepseek_v32_special,0,true
hmmt_nov_2025,17,DeepSeek-v3.2-Speciale,deepseek/deepseek_v32_special,1,true
hmmt_nov_2025,17,DeepSeek-v3.2-Speciale,deepseek/deepseek_v32_special,2,true
hmmt_nov_2025,17,DeepSeek-v3.2-Speciale,deepseek/deepseek_v32_special,3,true
hmmt_nov_2025,3,DeepSeek-v3.2-Speciale,deepseek/deepseek_v32_special,0,true
hmmt_nov_2025,3,DeepSeek-v3.2-Speciale,deepseek/deepseek_v32_special,1,true
hmmt_nov_2025,3,DeepSeek-v3.2-Speciale,deepseek/deepseek_v32_special,2,true
hmmt_nov_2025,3,DeepSeek-v3.2-Speciale,deepseek/deepseek_v32_special,3,true
hmmt_nov_2025,20,DeepSeek-v3.2-Speciale,deepseek/deepseek_v32_special,0,true
hmmt_nov_2025,20,DeepSeek-v3.2-Speciale,deepseek/deepseek_v32_special,1,true
hmmt_nov_2025,20,DeepSeek-v3.2-Speciale,deepseek/deepseek_v32_special,2,true
hmmt_nov_2025,20,DeepSeek-v3.2-Speciale,deepseek/deepseek_v32_special,3,true
hmmt_nov_2025,9,DeepSeek-v3.2-Speciale,deepseek/deepseek_v32_special,0,true
hmmt_nov_2025,9,DeepSeek-v3.2-Speciale,deepseek/deepseek_v32_special,1,true
hmmt_nov_2025,9,DeepSeek-v3.2-Speciale,deepseek/deepseek_v32_special,2,true
hmmt_nov_2025,9,DeepSeek-v3.2-Speciale,deepseek/deepseek_v32_special,3,true
hmmt_nov_2025,29,DeepSeek-v3.2-Speciale,deepseek/deepseek_v32_special,0,true
hmmt_nov_2025,29,DeepSeek-v3.2-Speciale,deepseek/deepseek_v32_special,1,true
hmmt_nov_2025,29,DeepSeek-v3.2-Speciale,deepseek/deepseek_v32_special,2,true
hmmt_nov_2025,29,DeepSeek-v3.2-Speciale,deepseek/deepseek_v32_special,3,true
hmmt_nov_2025,19,DeepSeek-v3.2-Speciale,deepseek/deepseek_v32_special,0,true
hmmt_nov_2025,19,DeepSeek-v3.2-Speciale,deepseek/deepseek_v32_special,1,true
hmmt_nov_2025,19,DeepSeek-v3.2-Speciale,deepseek/deepseek_v32_special,2,true
hmmt_nov_2025,19,DeepSeek-v3.2-Speciale,deepseek/deepseek_v32_special,3,true
hmmt_nov_2025,6,DeepSeek-v3.2-Speciale,deepseek/deepseek_v32_special,0,true
hmmt_nov_2025,6,DeepSeek-v3.2-Speciale,deepseek/deepseek_v32_special,1,true
hmmt_nov_2025,6,DeepSeek-v3.2-Speciale,deepseek/deepseek_v32_special,2,true
hmmt_nov_2025,6,DeepSeek-v3.2-Speciale,deepseek/deepseek_v32_special,3,true
hmmt_nov_2025,5,DeepSeek-v3.2-Speciale,deepseek/deepseek_v32_special,0,true
hmmt_nov_2025,5,DeepSeek-v3.2-Speciale,deepseek/deepseek_v32_special,1,true
hmmt_nov_2025,5,DeepSeek-v3.2-Speciale,deepseek/deepseek_v32_special,2,true
hmmt_nov_2025,5,DeepSeek-v3.2-Speciale,deepseek/deepseek_v32_special,3,true
hmmt_nov_2025,2,DeepSeek-v3.2 (Think),deepseek/deepseek_v32_dec,0,true
hmmt_nov_2025,2,DeepSeek-v3.2 (Think),deepseek/deepseek_v32_dec,1,true
hmmt_nov_2025,2,DeepSeek-v3.2 (Think),deepseek/deepseek_v32_dec,2,true
hmmt_nov_2025,2,DeepSeek-v3.2 (Think),deepseek/deepseek_v32_dec,3,true
hmmt_nov_2025,15,DeepSeek-v3.2 (Think),deepseek/deepseek_v32_dec,0,true
hmmt_nov_2025,15,DeepSeek-v3.2 (Think),deepseek/deepseek_v32_dec,1,true
hmmt_nov_2025,15,DeepSeek-v3.2 (Think),deepseek/deepseek_v32_dec,2,true
hmmt_nov_2025,15,DeepSeek-v3.2 (Think),deepseek/deepseek_v32_dec,3,true
hmmt_nov_2025,13,DeepSeek-v3.2 (Think),deepseek/deepseek_v32_dec,0,true
hmmt_nov_2025,13,DeepSeek-v3.2 (Think),deepseek/deepseek_v32_dec,1,true
hmmt_nov_2025,13,DeepSeek-v3.2 (Think),deepseek/deepseek_v32_dec,2,true
hmmt_nov_2025,13,DeepSeek-v3.2 (Think),deepseek/deepseek_v32_dec,3,true
hmmt_nov_2025,11,DeepSeek-v3.2 (Think),deepseek/deepseek_v32_dec,0,true
hmmt_nov_2025,11,DeepSeek-v3.2 (Think),deepseek/deepseek_v32_dec,1,true
hmmt_nov_2025,11,DeepSeek-v3.2 (Think),deepseek/deepseek_v32_dec,2,true
hmmt_nov_2025,11,DeepSeek-v3.2 (Think),deepseek/deepseek_v32_dec,3,true
hmmt_nov_2025,21,DeepSeek-v3.2 (Think),deepseek/deepseek_v32_dec,0,true
hmmt_nov_2025,21,DeepSeek-v3.2 (Think),deepseek/deepseek_v32_dec,1,true
hmmt_nov_2025,21,DeepSeek-v3.2 (Think),deepseek/deepseek_v32_dec,2,true
hmmt_nov_2025,21,DeepSeek-v3.2 (Think),deepseek/deepseek_v32_dec,3,true
hmmt_nov_2025,27,DeepSeek-v3.2 (Think),deepseek/deepseek_v32_dec,0,true
hmmt_nov_2025,27,DeepSeek-v3.2 (Think),deepseek/deepseek_v32_dec,1,true
hmmt_nov_2025,27,DeepSeek-v3.2 (Think),deepseek/deepseek_v32_dec,2,true
hmmt_nov_2025,27,DeepSeek-v3.2 (Think),deepseek/deepseek_v32_dec,3,true
hmmt_nov_2025,7,DeepSeek-v3.2 (Think),deepseek/deepseek_v32_dec,0,true
hmmt_nov_2025,7,DeepSeek-v3.2 (Think),deepseek/deepseek_v32_dec,1,true
hmmt_nov_2025,7,DeepSeek-v3.2 (Think),deepseek/deepseek_v32_dec,2,true
hmmt_nov_2025,7,DeepSeek-v3.2 (Think),deepseek/deepseek_v32_dec,3,false
hmmt_nov_2025,28,DeepSeek-v3.2 (Think),deepseek/deepseek_v32_dec,0,false
hmmt_nov_2025,28,DeepSeek-v3.2 (Think),deepseek/deepseek_v32_dec,1,false
hmmt_nov_2025,28,DeepSeek-v3.2 (Think),deepseek/deepseek_v32_dec,2,false
hmmt_nov_2025,28,DeepSeek-v3.2 (Think),deepseek/deepseek_v32_dec,3,false
hmmt_nov_2025,25,DeepSeek-v3.2 (Think),deepseek/deepseek_v32_dec,0,true
hmmt_nov_2025,25,DeepSeek-v3.2 (Think),deepseek/deepseek_v32_dec,1,true
hmmt_nov_2025,25,DeepSeek-v3.2 (Think),deepseek/deepseek_v32_dec,2,true
hmmt_nov_2025,25,DeepSeek-v3.2 (Think),deepseek/deepseek_v32_dec,3,true
hmmt_nov_2025,10,DeepSeek-v3.2 (Think),deepseek/deepseek_v32_dec,0,false
hmmt_nov_2025,10,DeepSeek-v3.2 (Think),deepseek/deepseek_v32_dec,1,false
hmmt_nov_2025,10,DeepSeek-v3.2 (Think),deepseek/deepseek_v32_dec,2,false
hmmt_nov_2025,10,DeepSeek-v3.2 (Think),deepseek/deepseek_v32_dec,3,false
hmmt_nov_2025,1,DeepSeek-v3.2 (Think),deepseek/deepseek_v32_dec,0,true
hmmt_nov_2025,1,DeepSeek-v3.2 (Think),deepseek/deepseek_v32_dec,1,true
hmmt_nov_2025,1,DeepSeek-v3.2 (Think),deepseek/deepseek_v32_dec,2,true
hmmt_nov_2025,1,DeepSeek-v3.2 (Think),deepseek/deepseek_v32_dec,3,true
hmmt_nov_2025,14,DeepSeek-v3.2 (Think),deepseek/deepseek_v32_dec,0,true
hmmt_nov_2025,14,DeepSeek-v3.2 (Think),deepseek/deepseek_v32_dec,1,true
hmmt_nov_2025,14,DeepSeek-v3.2 (Think),deepseek/deepseek_v32_dec,2,true
hmmt_nov_2025,14,DeepSeek-v3.2 (Think),deepseek/deepseek_v32_dec,3,true
hmmt_nov_2025,30,DeepSeek-v3.2 (Think),deepseek/deepseek_v32_dec,0,true
hmmt_nov_2025,30,DeepSeek-v3.2 (Think),deepseek/deepseek_v32_dec,1,true
hmmt_nov_2025,30,DeepSeek-v3.2 (Think),deepseek/deepseek_v32_dec,2,true
hmmt_nov_2025,30,DeepSeek-v3.2 (Think),deepseek/deepseek_v32_dec,3,true
hmmt_nov_2025,12,DeepSeek-v3.2 (Think),deepseek/deepseek_v32_dec,0,true
hmmt_nov_2025,12,DeepSeek-v3.2 (Think),deepseek/deepseek_v32_dec,1,true
hmmt_nov_2025,12,DeepSeek-v3.2 (Think),deepseek/deepseek_v32_dec,2,true
hmmt_nov_2025,12,DeepSeek-v3.2 (Think),deepseek/deepseek_v32_dec,3,true
hmmt_nov_2025,26,DeepSeek-v3.2 (Think),deepseek/deepseek_v32_dec,0,true
hmmt_nov_2025,26,DeepSeek-v3.2 (Think),deepseek/deepseek_v32_dec,1,true
hmmt_nov_2025,26,DeepSeek-v3.2 (Think),deepseek/deepseek_v32_dec,2,false
hmmt_nov_2025,26,DeepSeek-v3.2 (Think),deepseek/deepseek_v32_dec,3,true
hmmt_nov_2025,24,DeepSeek-v3.2 (Think),deepseek/deepseek_v32_dec,0,true
hmmt_nov_2025,24,DeepSeek-v3.2 (Think),deepseek/deepseek_v32_dec,1,true
hmmt_nov_2025,24,DeepSeek-v3.2 (Think),deepseek/deepseek_v32_dec,2,true
hmmt_nov_2025,24,DeepSeek-v3.2 (Think),deepseek/deepseek_v32_dec,3,true
hmmt_nov_2025,8,DeepSeek-v3.2 (Think),deepseek/deepseek_v32_dec,0,true
hmmt_nov_2025,8,DeepSeek-v3.2 (Think),deepseek/deepseek_v32_dec,1,true
hmmt_nov_2025,8,DeepSeek-v3.2 (Think),deepseek/deepseek_v32_dec,2,true
hmmt_nov_2025,8,DeepSeek-v3.2 (Think),deepseek/deepseek_v32_dec,3,true
hmmt_nov_2025,16,DeepSeek-v3.2 (Think),deepseek/deepseek_v32_dec,0,true
hmmt_nov_2025,16,DeepSeek-v3.2 (Think),deepseek/deepseek_v32_dec,1,true
hmmt_nov_2025,16,DeepSeek-v3.2 (Think),deepseek/deepseek_v32_dec,2,true
hmmt_nov_2025,16,DeepSeek-v3.2 (Think),deepseek/deepseek_v32_dec,3,true
hmmt_nov_2025,4,DeepSeek-v3.2 (Think),deepseek/deepseek_v32_dec,0,true
hmmt_nov_2025,4,DeepSeek-v3.2 (Think),deepseek/deepseek_v32_dec,1,true
hmmt_nov_2025,4,DeepSeek-v3.2 (Think),deepseek/deepseek_v32_dec,2,true
hmmt_nov_2025,4,DeepSeek-v3.2 (Think),deepseek/deepseek_v32_dec,3,true
hmmt_nov_2025,18,DeepSeek-v3.2 (Think),deepseek/deepseek_v32_dec,0,true
hmmt_nov_2025,18,DeepSeek-v3.2 (Think),deepseek/deepseek_v32_dec,1,true
hmmt_nov_2025,18,DeepSeek-v3.2 (Think),deepseek/deepseek_v32_dec,2,true
hmmt_nov_2025,18,DeepSeek-v3.2 (Think),deepseek/deepseek_v32_dec,3,true
hmmt_nov_2025,23,DeepSeek-v3.2 (Think),deepseek/deepseek_v32_dec,0,true
hmmt_nov_2025,23,DeepSeek-v3.2 (Think),deepseek/deepseek_v32_dec,1,true
hmmt_nov_2025,23,DeepSeek-v3.2 (Think),deepseek/deepseek_v32_dec,2,true
hmmt_nov_2025,23,DeepSeek-v3.2 (Think),deepseek/deepseek_v32_dec,3,true
hmmt_nov_2025,22,DeepSeek-v3.2 (Think),deepseek/deepseek_v32_dec,0,false
hmmt_nov_2025,22,DeepSeek-v3.2 (Think),deepseek/deepseek_v32_dec,1,true
hmmt_nov_2025,22,DeepSeek-v3.2 (Think),deepseek/deepseek_v32_dec,2,false
hmmt_nov_2025,22,DeepSeek-v3.2 (Think),deepseek/deepseek_v32_dec,3,true
hmmt_nov_2025,17,DeepSeek-v3.2 (Think),deepseek/deepseek_v32_dec,0,true
hmmt_nov_2025,17,DeepSeek-v3.2 (Think),deepseek/deepseek_v32_dec,1,true
hmmt_nov_2025,17,DeepSeek-v3.2 (Think),deepseek/deepseek_v32_dec,2,true
hmmt_nov_2025,17,DeepSeek-v3.2 (Think),deepseek/deepseek_v32_dec,3,true
hmmt_nov_2025,3,DeepSeek-v3.2 (Think),deepseek/deepseek_v32_dec,0,true
hmmt_nov_2025,3,DeepSeek-v3.2 (Think),deepseek/deepseek_v32_dec,1,true
hmmt_nov_2025,3,DeepSeek-v3.2 (Think),deepseek/deepseek_v32_dec,2,true
hmmt_nov_2025,3,DeepSeek-v3.2 (Think),deepseek/deepseek_v32_dec,3,true
hmmt_nov_2025,20,DeepSeek-v3.2 (Think),deepseek/deepseek_v32_dec,0,true
hmmt_nov_2025,20,DeepSeek-v3.2 (Think),deepseek/deepseek_v32_dec,1,true
hmmt_nov_2025,20,DeepSeek-v3.2 (Think),deepseek/deepseek_v32_dec,2,true
hmmt_nov_2025,20,DeepSeek-v3.2 (Think),deepseek/deepseek_v32_dec,3,true
hmmt_nov_2025,9,DeepSeek-v3.2 (Think),deepseek/deepseek_v32_dec,0,true
hmmt_nov_2025,9,DeepSeek-v3.2 (Think),deepseek/deepseek_v32_dec,1,true
hmmt_nov_2025,9,DeepSeek-v3.2 (Think),deepseek/deepseek_v32_dec,2,true
hmmt_nov_2025,9,DeepSeek-v3.2 (Think),deepseek/deepseek_v32_dec,3,true
hmmt_nov_2025,29,DeepSeek-v3.2 (Think),deepseek/deepseek_v32_dec,0,true
hmmt_nov_2025,29,DeepSeek-v3.2 (Think),deepseek/deepseek_v32_dec,1,true
hmmt_nov_2025,29,DeepSeek-v3.2 (Think),deepseek/deepseek_v32_dec,2,true
hmmt_nov_2025,29,DeepSeek-v3.2 (Think),deepseek/deepseek_v32_dec,3,true
hmmt_nov_2025,19,DeepSeek-v3.2 (Think),deepseek/deepseek_v32_dec,0,true
hmmt_nov_2025,19,DeepSeek-v3.2 (Think),deepseek/deepseek_v32_dec,1,true
hmmt_nov_2025,19,DeepSeek-v3.2 (Think),deepseek/deepseek_v32_dec,2,true
hmmt_nov_2025,19,DeepSeek-v3.2 (Think),deepseek/deepseek_v32_dec,3,true
hmmt_nov_2025,6,DeepSeek-v3.2 (Think),deepseek/deepseek_v32_dec,0,true
hmmt_nov_2025,6,DeepSeek-v3.2 (Think),deepseek/deepseek_v32_dec,1,true
hmmt_nov_2025,6,DeepSeek-v3.2 (Think),deepseek/deepseek_v32_dec,2,true
hmmt_nov_2025,6,DeepSeek-v3.2 (Think),deepseek/deepseek_v32_dec,3,true
hmmt_nov_2025,5,DeepSeek-v3.2 (Think),deepseek/deepseek_v32_dec,0,true
hmmt_nov_2025,5,DeepSeek-v3.2 (Think),deepseek/deepseek_v32_dec,1,true
hmmt_nov_2025,5,DeepSeek-v3.2 (Think),deepseek/deepseek_v32_dec,2,true
hmmt_nov_2025,5,DeepSeek-v3.2 (Think),deepseek/deepseek_v32_dec,3,true
hmmt_nov_2025,2,DeepSeek-v3.2-Exp (Think),deepseek/deepseek_v32,0,true
hmmt_nov_2025,2,DeepSeek-v3.2-Exp (Think),deepseek/deepseek_v32,1,true
hmmt_nov_2025,2,DeepSeek-v3.2-Exp (Think),deepseek/deepseek_v32,2,true
hmmt_nov_2025,2,DeepSeek-v3.2-Exp (Think),deepseek/deepseek_v32,3,true
hmmt_nov_2025,15,DeepSeek-v3.2-Exp (Think),deepseek/deepseek_v32,0,true
hmmt_nov_2025,15,DeepSeek-v3.2-Exp (Think),deepseek/deepseek_v32,1,true
hmmt_nov_2025,15,DeepSeek-v3.2-Exp (Think),deepseek/deepseek_v32,2,true
hmmt_nov_2025,15,DeepSeek-v3.2-Exp (Think),deepseek/deepseek_v32,3,true
hmmt_nov_2025,13,DeepSeek-v3.2-Exp (Think),deepseek/deepseek_v32,0,true
hmmt_nov_2025,13,DeepSeek-v3.2-Exp (Think),deepseek/deepseek_v32,1,true
hmmt_nov_2025,13,DeepSeek-v3.2-Exp (Think),deepseek/deepseek_v32,2,true
hmmt_nov_2025,13,DeepSeek-v3.2-Exp (Think),deepseek/deepseek_v32,3,true
hmmt_nov_2025,11,DeepSeek-v3.2-Exp (Think),deepseek/deepseek_v32,0,true
hmmt_nov_2025,11,DeepSeek-v3.2-Exp (Think),deepseek/deepseek_v32,1,true
hmmt_nov_2025,11,DeepSeek-v3.2-Exp (Think),deepseek/deepseek_v32,2,true
hmmt_nov_2025,11,DeepSeek-v3.2-Exp (Think),deepseek/deepseek_v32,3,true
hmmt_nov_2025,21,DeepSeek-v3.2-Exp (Think),deepseek/deepseek_v32,0,true
hmmt_nov_2025,21,DeepSeek-v3.2-Exp (Think),deepseek/deepseek_v32,1,true
hmmt_nov_2025,21,DeepSeek-v3.2-Exp (Think),deepseek/deepseek_v32,2,true
hmmt_nov_2025,21,DeepSeek-v3.2-Exp (Think),deepseek/deepseek_v32,3,true
hmmt_nov_2025,27,DeepSeek-v3.2-Exp (Think),deepseek/deepseek_v32,0,true
hmmt_nov_2025,27,DeepSeek-v3.2-Exp (Think),deepseek/deepseek_v32,1,true
hmmt_nov_2025,27,DeepSeek-v3.2-Exp (Think),deepseek/deepseek_v32,2,true
hmmt_nov_2025,27,DeepSeek-v3.2-Exp (Think),deepseek/deepseek_v32,3,true
hmmt_nov_2025,7,DeepSeek-v3.2-Exp (Think),deepseek/deepseek_v32,0,false
hmmt_nov_2025,7,DeepSeek-v3.2-Exp (Think),deepseek/deepseek_v32,1,true
hmmt_nov_2025,7,DeepSeek-v3.2-Exp (Think),deepseek/deepseek_v32,2,false
hmmt_nov_2025,7,DeepSeek-v3.2-Exp (Think),deepseek/deepseek_v32,3,true
hmmt_nov_2025,28,DeepSeek-v3.2-Exp (Think),deepseek/deepseek_v32,0,false
hmmt_nov_2025,28,DeepSeek-v3.2-Exp (Think),deepseek/deepseek_v32,1,false
hmmt_nov_2025,28,DeepSeek-v3.2-Exp (Think),deepseek/deepseek_v32,2,false
hmmt_nov_2025,28,DeepSeek-v3.2-Exp (Think),deepseek/deepseek_v32,3,false
hmmt_nov_2025,25,DeepSeek-v3.2-Exp (Think),deepseek/deepseek_v32,0,true
hmmt_nov_2025,25,DeepSeek-v3.2-Exp (Think),deepseek/deepseek_v32,1,true
hmmt_nov_2025,25,DeepSeek-v3.2-Exp (Think),deepseek/deepseek_v32,2,true
hmmt_nov_2025,25,DeepSeek-v3.2-Exp (Think),deepseek/deepseek_v32,3,true
hmmt_nov_2025,10,DeepSeek-v3.2-Exp (Think),deepseek/deepseek_v32,0,false
hmmt_nov_2025,10,DeepSeek-v3.2-Exp (Think),deepseek/deepseek_v32,1,false
hmmt_nov_2025,10,DeepSeek-v3.2-Exp (Think),deepseek/deepseek_v32,2,false
hmmt_nov_2025,10,DeepSeek-v3.2-Exp (Think),deepseek/deepseek_v32,3,false
hmmt_nov_2025,1,DeepSeek-v3.2-Exp (Think),deepseek/deepseek_v32,0,true
hmmt_nov_2025,1,DeepSeek-v3.2-Exp (Think),deepseek/deepseek_v32,1,true
hmmt_nov_2025,1,DeepSeek-v3.2-Exp (Think),deepseek/deepseek_v32,2,true
hmmt_nov_2025,1,DeepSeek-v3.2-Exp (Think),deepseek/deepseek_v32,3,true
hmmt_nov_2025,14,DeepSeek-v3.2-Exp (Think),deepseek/deepseek_v32,0,true
hmmt_nov_2025,14,DeepSeek-v3.2-Exp (Think),deepseek/deepseek_v32,1,true
hmmt_nov_2025,14,DeepSeek-v3.2-Exp (Think),deepseek/deepseek_v32,2,true
hmmt_nov_2025,14,DeepSeek-v3.2-Exp (Think),deepseek/deepseek_v32,3,true
hmmt_nov_2025,30,DeepSeek-v3.2-Exp (Think),deepseek/deepseek_v32,0,true
hmmt_nov_2025,30,DeepSeek-v3.2-Exp (Think),deepseek/deepseek_v32,1,true
hmmt_nov_2025,30,DeepSeek-v3.2-Exp (Think),deepseek/deepseek_v32,2,true
hmmt_nov_2025,30,DeepSeek-v3.2-Exp (Think),deepseek/deepseek_v32,3,false
hmmt_nov_2025,12,DeepSeek-v3.2-Exp (Think),deepseek/deepseek_v32,0,true
hmmt_nov_2025,12,DeepSeek-v3.2-Exp (Think),deepseek/deepseek_v32,1,true
hmmt_nov_2025,12,DeepSeek-v3.2-Exp (Think),deepseek/deepseek_v32,2,true
hmmt_nov_2025,12,DeepSeek-v3.2-Exp (Think),deepseek/deepseek_v32,3,true
hmmt_nov_2025,26,DeepSeek-v3.2-Exp (Think),deepseek/deepseek_v32,0,true
hmmt_nov_2025,26,DeepSeek-v3.2-Exp (Think),deepseek/deepseek_v32,1,true
hmmt_nov_2025,26,DeepSeek-v3.2-Exp (Think),deepseek/deepseek_v32,2,true
hmmt_nov_2025,26,DeepSeek-v3.2-Exp (Think),deepseek/deepseek_v32,3,true
hmmt_nov_2025,24,DeepSeek-v3.2-Exp (Think),deepseek/deepseek_v32,0,true
hmmt_nov_2025,24,DeepSeek-v3.2-Exp (Think),deepseek/deepseek_v32,1,true
hmmt_nov_2025,24,DeepSeek-v3.2-Exp (Think),deepseek/deepseek_v32,2,true
hmmt_nov_2025,24,DeepSeek-v3.2-Exp (Think),deepseek/deepseek_v32,3,true
hmmt_nov_2025,8,DeepSeek-v3.2-Exp (Think),deepseek/deepseek_v32,0,true
hmmt_nov_2025,8,DeepSeek-v3.2-Exp (Think),deepseek/deepseek_v32,1,true
hmmt_nov_2025,8,DeepSeek-v3.2-Exp (Think),deepseek/deepseek_v32,2,true
hmmt_nov_2025,8,DeepSeek-v3.2-Exp (Think),deepseek/deepseek_v32,3,false
hmmt_nov_2025,16,DeepSeek-v3.2-Exp (Think),deepseek/deepseek_v32,0,false
hmmt_nov_2025,16,DeepSeek-v3.2-Exp (Think),deepseek/deepseek_v32,1,false
hmmt_nov_2025,16,DeepSeek-v3.2-Exp (Think),deepseek/deepseek_v32,2,false
hmmt_nov_2025,16,DeepSeek-v3.2-Exp (Think),deepseek/deepseek_v32,3,false
hmmt_nov_2025,4,DeepSeek-v3.2-Exp (Think),deepseek/deepseek_v32,0,true
hmmt_nov_2025,4,DeepSeek-v3.2-Exp (Think),deepseek/deepseek_v32,1,true
hmmt_nov_2025,4,DeepSeek-v3.2-Exp (Think),deepseek/deepseek_v32,2,true
hmmt_nov_2025,4,DeepSeek-v3.2-Exp (Think),deepseek/deepseek_v32,3,true
hmmt_nov_2025,18,DeepSeek-v3.2-Exp (Think),deepseek/deepseek_v32,0,true
hmmt_nov_2025,18,DeepSeek-v3.2-Exp (Think),deepseek/deepseek_v32,1,true
hmmt_nov_2025,18,DeepSeek-v3.2-Exp (Think),deepseek/deepseek_v32,2,true
hmmt_nov_2025,18,DeepSeek-v3.2-Exp (Think),deepseek/deepseek_v32,3,true
hmmt_nov_2025,23,DeepSeek-v3.2-Exp (Think),deepseek/deepseek_v32,0,true
hmmt_nov_2025,23,DeepSeek-v3.2-Exp (Think),deepseek/deepseek_v32,1,true
hmmt_nov_2025,23,DeepSeek-v3.2-Exp (Think),deepseek/deepseek_v32,2,true
hmmt_nov_2025,23,DeepSeek-v3.2-Exp (Think),deepseek/deepseek_v32,3,true
hmmt_nov_2025,22,DeepSeek-v3.2-Exp (Think),deepseek/deepseek_v32,0,true
hmmt_nov_2025,22,DeepSeek-v3.2-Exp (Think),deepseek/deepseek_v32,1,true
hmmt_nov_2025,22,DeepSeek-v3.2-Exp (Think),deepseek/deepseek_v32,2,false
hmmt_nov_2025,22,DeepSeek-v3.2-Exp (Think),deepseek/deepseek_v32,3,false
hmmt_nov_2025,17,DeepSeek-v3.2-Exp (Think),deepseek/deepseek_v32,0,true
hmmt_nov_2025,17,DeepSeek-v3.2-Exp (Think),deepseek/deepseek_v32,1,true
hmmt_nov_2025,17,DeepSeek-v3.2-Exp (Think),deepseek/deepseek_v32,2,true
hmmt_nov_2025,17,DeepSeek-v3.2-Exp (Think),deepseek/deepseek_v32,3,true
hmmt_nov_2025,3,DeepSeek-v3.2-Exp (Think),deepseek/deepseek_v32,0,true
hmmt_nov_2025,3,DeepSeek-v3.2-Exp (Think),deepseek/deepseek_v32,1,true
hmmt_nov_2025,3,DeepSeek-v3.2-Exp (Think),deepseek/deepseek_v32,2,true
hmmt_nov_2025,3,DeepSeek-v3.2-Exp (Think),deepseek/deepseek_v32,3,true
hmmt_nov_2025,20,DeepSeek-v3.2-Exp (Think),deepseek/deepseek_v32,0,true
hmmt_nov_2025,20,DeepSeek-v3.2-Exp (Think),deepseek/deepseek_v32,1,true
hmmt_nov_2025,20,DeepSeek-v3.2-Exp (Think),deepseek/deepseek_v32,2,true
hmmt_nov_2025,20,DeepSeek-v3.2-Exp (Think),deepseek/deepseek_v32,3,true
hmmt_nov_2025,9,DeepSeek-v3.2-Exp (Think),deepseek/deepseek_v32,0,true
hmmt_nov_2025,9,DeepSeek-v3.2-Exp (Think),deepseek/deepseek_v32,1,true
hmmt_nov_2025,9,DeepSeek-v3.2-Exp (Think),deepseek/deepseek_v32,2,true
hmmt_nov_2025,9,DeepSeek-v3.2-Exp (Think),deepseek/deepseek_v32,3,true
hmmt_nov_2025,29,DeepSeek-v3.2-Exp (Think),deepseek/deepseek_v32,0,true
hmmt_nov_2025,29,DeepSeek-v3.2-Exp (Think),deepseek/deepseek_v32,1,true
hmmt_nov_2025,29,DeepSeek-v3.2-Exp (Think),deepseek/deepseek_v32,2,true
hmmt_nov_2025,29,DeepSeek-v3.2-Exp (Think),deepseek/deepseek_v32,3,true
hmmt_nov_2025,19,DeepSeek-v3.2-Exp (Think),deepseek/deepseek_v32,0,false
hmmt_nov_2025,19,DeepSeek-v3.2-Exp (Think),deepseek/deepseek_v32,1,true
hmmt_nov_2025,19,DeepSeek-v3.2-Exp (Think),deepseek/deepseek_v32,2,true
hmmt_nov_2025,19,DeepSeek-v3.2-Exp (Think),deepseek/deepseek_v32,3,true
hmmt_nov_2025,6,DeepSeek-v3.2-Exp (Think),deepseek/deepseek_v32,0,true
hmmt_nov_2025,6,DeepSeek-v3.2-Exp (Think),deepseek/deepseek_v32,1,true
hmmt_nov_2025,6,DeepSeek-v3.2-Exp (Think),deepseek/deepseek_v32,2,true
hmmt_nov_2025,6,DeepSeek-v3.2-Exp (Think),deepseek/deepseek_v32,3,true
hmmt_nov_2025,5,DeepSeek-v3.2-Exp (Think),deepseek/deepseek_v32,0,true
hmmt_nov_2025,5,DeepSeek-v3.2-Exp (Think),deepseek/deepseek_v32,1,true
hmmt_nov_2025,5,DeepSeek-v3.2-Exp (Think),deepseek/deepseek_v32,2,true
hmmt_nov_2025,5,DeepSeek-v3.2-Exp (Think),deepseek/deepseek_v32,3,true
hmmt_nov_2025,2,Gemini 3 Pro (preview),gemini/riftrunner,0,true
hmmt_nov_2025,2,Gemini 3 Pro (preview),gemini/riftrunner,1,true
hmmt_nov_2025,2,Gemini 3 Pro (preview),gemini/riftrunner,2,true
hmmt_nov_2025,2,Gemini 3 Pro (preview),gemini/riftrunner,3,true
hmmt_nov_2025,15,Gemini 3 Pro (preview),gemini/riftrunner,0,true
hmmt_nov_2025,15,Gemini 3 Pro (preview),gemini/riftrunner,1,true
hmmt_nov_2025,15,Gemini 3 Pro (preview),gemini/riftrunner,2,true
hmmt_nov_2025,15,Gemini 3 Pro (preview),gemini/riftrunner,3,true
hmmt_nov_2025,13,Gemini 3 Pro (preview),gemini/riftrunner,0,true
hmmt_nov_2025,13,Gemini 3 Pro (preview),gemini/riftrunner,1,true
hmmt_nov_2025,13,Gemini 3 Pro (preview),gemini/riftrunner,2,true
hmmt_nov_2025,13,Gemini 3 Pro (preview),gemini/riftrunner,3,true
hmmt_nov_2025,11,Gemini 3 Pro (preview),gemini/riftrunner,0,true
hmmt_nov_2025,11,Gemini 3 Pro (preview),gemini/riftrunner,1,true
hmmt_nov_2025,11,Gemini 3 Pro (preview),gemini/riftrunner,2,true
hmmt_nov_2025,11,Gemini 3 Pro (preview),gemini/riftrunner,3,true
hmmt_nov_2025,21,Gemini 3 Pro (preview),gemini/riftrunner,0,true
hmmt_nov_2025,21,Gemini 3 Pro (preview),gemini/riftrunner,1,true
hmmt_nov_2025,21,Gemini 3 Pro (preview),gemini/riftrunner,2,true
hmmt_nov_2025,21,Gemini 3 Pro (preview),gemini/riftrunner,3,true
hmmt_nov_2025,27,Gemini 3 Pro (preview),gemini/riftrunner,0,true
hmmt_nov_2025,27,Gemini 3 Pro (preview),gemini/riftrunner,1,true
hmmt_nov_2025,27,Gemini 3 Pro (preview),gemini/riftrunner,2,true
hmmt_nov_2025,27,Gemini 3 Pro (preview),gemini/riftrunner,3,true
hmmt_nov_2025,7,Gemini 3 Pro (preview),gemini/riftrunner,0,true
hmmt_nov_2025,7,Gemini 3 Pro (preview),gemini/riftrunner,1,true
hmmt_nov_2025,7,Gemini 3 Pro (preview),gemini/riftrunner,2,true
hmmt_nov_2025,7,Gemini 3 Pro (preview),gemini/riftrunner,3,true
hmmt_nov_2025,28,Gemini 3 Pro (preview),gemini/riftrunner,0,true
hmmt_nov_2025,28,Gemini 3 Pro (preview),gemini/riftrunner,1,true
hmmt_nov_2025,28,Gemini 3 Pro (preview),gemini/riftrunner,2,false
hmmt_nov_2025,28,Gemini 3 Pro (preview),gemini/riftrunner,3,false
hmmt_nov_2025,25,Gemini 3 Pro (preview),gemini/riftrunner,0,true
hmmt_nov_2025,25,Gemini 3 Pro (preview),gemini/riftrunner,1,true
hmmt_nov_2025,25,Gemini 3 Pro (preview),gemini/riftrunner,2,true
hmmt_nov_2025,25,Gemini 3 Pro (preview),gemini/riftrunner,3,true
hmmt_nov_2025,10,Gemini 3 Pro (preview),gemini/riftrunner,0,false
hmmt_nov_2025,10,Gemini 3 Pro (preview),gemini/riftrunner,1,true
hmmt_nov_2025,10,Gemini 3 Pro (preview),gemini/riftrunner,2,false
hmmt_nov_2025,10,Gemini 3 Pro (preview),gemini/riftrunner,3,false
hmmt_nov_2025,1,Gemini 3 Pro (preview),gemini/riftrunner,0,true
hmmt_nov_2025,1,Gemini 3 Pro (preview),gemini/riftrunner,1,true
hmmt_nov_2025,1,Gemini 3 Pro (preview),gemini/riftrunner,2,true
hmmt_nov_2025,1,Gemini 3 Pro (preview),gemini/riftrunner,3,true
hmmt_nov_2025,14,Gemini 3 Pro (preview),gemini/riftrunner,0,true
hmmt_nov_2025,14,Gemini 3 Pro (preview),gemini/riftrunner,1,true
hmmt_nov_2025,14,Gemini 3 Pro (preview),gemini/riftrunner,2,true
hmmt_nov_2025,14,Gemini 3 Pro (preview),gemini/riftrunner,3,true
hmmt_nov_2025,30,Gemini 3 Pro (preview),gemini/riftrunner,0,true
hmmt_nov_2025,30,Gemini 3 Pro (preview),gemini/riftrunner,1,true
hmmt_nov_2025,30,Gemini 3 Pro (preview),gemini/riftrunner,2,false
hmmt_nov_2025,30,Gemini 3 Pro (preview),gemini/riftrunner,3,false
hmmt_nov_2025,12,Gemini 3 Pro (preview),gemini/riftrunner,0,true
hmmt_nov_2025,12,Gemini 3 Pro (preview),gemini/riftrunner,1,true
hmmt_nov_2025,12,Gemini 3 Pro (preview),gemini/riftrunner,2,true
hmmt_nov_2025,12,Gemini 3 Pro (preview),gemini/riftrunner,3,true
hmmt_nov_2025,26,Gemini 3 Pro (preview),gemini/riftrunner,0,true
hmmt_nov_2025,26,Gemini 3 Pro (preview),gemini/riftrunner,1,true
hmmt_nov_2025,26,Gemini 3 Pro (preview),gemini/riftrunner,2,true
hmmt_nov_2025,26,Gemini 3 Pro (preview),gemini/riftrunner,3,false
hmmt_nov_2025,24,Gemini 3 Pro (preview),gemini/riftrunner,0,true
hmmt_nov_2025,24,Gemini 3 Pro (preview),gemini/riftrunner,1,true
hmmt_nov_2025,24,Gemini 3 Pro (preview),gemini/riftrunner,2,true
hmmt_nov_2025,24,Gemini 3 Pro (preview),gemini/riftrunner,3,true
hmmt_nov_2025,8,Gemini 3 Pro (preview),gemini/riftrunner,0,true
hmmt_nov_2025,8,Gemini 3 Pro (preview),gemini/riftrunner,1,true
hmmt_nov_2025,8,Gemini 3 Pro (preview),gemini/riftrunner,2,true
hmmt_nov_2025,8,Gemini 3 Pro (preview),gemini/riftrunner,3,true
hmmt_nov_2025,16,Gemini 3 Pro (preview),gemini/riftrunner,0,true
hmmt_nov_2025,16,Gemini 3 Pro (preview),gemini/riftrunner,1,true
hmmt_nov_2025,16,Gemini 3 Pro (preview),gemini/riftrunner,2,true
hmmt_nov_2025,16,Gemini 3 Pro (preview),gemini/riftrunner,3,true
hmmt_nov_2025,4,Gemini 3 Pro (preview),gemini/riftrunner,0,true
hmmt_nov_2025,4,Gemini 3 Pro (preview),gemini/riftrunner,1,true
hmmt_nov_2025,4,Gemini 3 Pro (preview),gemini/riftrunner,2,true
hmmt_nov_2025,4,Gemini 3 Pro (preview),gemini/riftrunner,3,true
hmmt_nov_2025,18,Gemini 3 Pro (preview),gemini/riftrunner,0,true
hmmt_nov_2025,18,Gemini 3 Pro (preview),gemini/riftrunner,1,true
hmmt_nov_2025,18,Gemini 3 Pro (preview),gemini/riftrunner,2,true
hmmt_nov_2025,18,Gemini 3 Pro (preview),gemini/riftrunner,3,true
hmmt_nov_2025,23,Gemini 3 Pro (preview),gemini/riftrunner,0,true
hmmt_nov_2025,23,Gemini 3 Pro (preview),gemini/riftrunner,1,true
hmmt_nov_2025,23,Gemini 3 Pro (preview),gemini/riftrunner,2,true
hmmt_nov_2025,23,Gemini 3 Pro (preview),gemini/riftrunner,3,true
hmmt_nov_2025,22,Gemini 3 Pro (preview),gemini/riftrunner,0,true
hmmt_nov_2025,22,Gemini 3 Pro (preview),gemini/riftrunner,1,true
hmmt_nov_2025,22,Gemini 3 Pro (preview),gemini/riftrunner,2,true
hmmt_nov_2025,22,Gemini 3 Pro (preview),gemini/riftrunner,3,true
hmmt_nov_2025,17,Gemini 3 Pro (preview),gemini/riftrunner,0,true
hmmt_nov_2025,17,Gemini 3 Pro (preview),gemini/riftrunner,1,true
hmmt_nov_2025,17,Gemini 3 Pro (preview),gemini/riftrunner,2,true
hmmt_nov_2025,17,Gemini 3 Pro (preview),gemini/riftrunner,3,true
hmmt_nov_2025,3,Gemini 3 Pro (preview),gemini/riftrunner,0,true
hmmt_nov_2025,3,Gemini 3 Pro (preview),gemini/riftrunner,1,true
hmmt_nov_2025,3,Gemini 3 Pro (preview),gemini/riftrunner,2,true
hmmt_nov_2025,3,Gemini 3 Pro (preview),gemini/riftrunner,3,true
hmmt_nov_2025,20,Gemini 3 Pro (preview),gemini/riftrunner,0,true
hmmt_nov_2025,20,Gemini 3 Pro (preview),gemini/riftrunner,1,true
hmmt_nov_2025,20,Gemini 3 Pro (preview),gemini/riftrunner,2,true
hmmt_nov_2025,20,Gemini 3 Pro (preview),gemini/riftrunner,3,true
hmmt_nov_2025,9,Gemini 3 Pro (preview),gemini/riftrunner,0,true
hmmt_nov_2025,9,Gemini 3 Pro (preview),gemini/riftrunner,1,true
hmmt_nov_2025,9,Gemini 3 Pro (preview),gemini/riftrunner,2,true
hmmt_nov_2025,9,Gemini 3 Pro (preview),gemini/riftrunner,3,true
hmmt_nov_2025,29,Gemini 3 Pro (preview),gemini/riftrunner,0,true
hmmt_nov_2025,29,Gemini 3 Pro (preview),gemini/riftrunner,1,true
hmmt_nov_2025,29,Gemini 3 Pro (preview),gemini/riftrunner,2,true
hmmt_nov_2025,29,Gemini 3 Pro (preview),gemini/riftrunner,3,true
hmmt_nov_2025,19,Gemini 3 Pro (preview),gemini/riftrunner,0,true
hmmt_nov_2025,19,Gemini 3 Pro (preview),gemini/riftrunner,1,true
hmmt_nov_2025,19,Gemini 3 Pro (preview),gemini/riftrunner,2,true
hmmt_nov_2025,19,Gemini 3 Pro (preview),gemini/riftrunner,3,true
hmmt_nov_2025,6,Gemini 3 Pro (preview),gemini/riftrunner,0,true
hmmt_nov_2025,6,Gemini 3 Pro (preview),gemini/riftrunner,1,true
hmmt_nov_2025,6,Gemini 3 Pro (preview),gemini/riftrunner,2,true
hmmt_nov_2025,6,Gemini 3 Pro (preview),gemini/riftrunner,3,true
hmmt_nov_2025,5,Gemini 3 Pro (preview),gemini/riftrunner,0,true
hmmt_nov_2025,5,Gemini 3 Pro (preview),gemini/riftrunner,1,true
hmmt_nov_2025,5,Gemini 3 Pro (preview),gemini/riftrunner,2,true
hmmt_nov_2025,5,Gemini 3 Pro (preview),gemini/riftrunner,3,true
hmmt_nov_2025,2,Gemini 3 Flash,gemini/gemini-3-flash,0,true
hmmt_nov_2025,2,Gemini 3 Flash,gemini/gemini-3-flash,1,true
hmmt_nov_2025,2,Gemini 3 Flash,gemini/gemini-3-flash,2,true
hmmt_nov_2025,2,Gemini 3 Flash,gemini/gemini-3-flash,3,true
hmmt_nov_2025,15,Gemini 3 Flash,gemini/gemini-3-flash,0,true
hmmt_nov_2025,15,Gemini 3 Flash,gemini/gemini-3-flash,1,true
hmmt_nov_2025,15,Gemini 3 Flash,gemini/gemini-3-flash,2,true
hmmt_nov_2025,15,Gemini 3 Flash,gemini/gemini-3-flash,3,true
hmmt_nov_2025,13,Gemini 3 Flash,gemini/gemini-3-flash,0,true
hmmt_nov_2025,13,Gemini 3 Flash,gemini/gemini-3-flash,1,true
hmmt_nov_2025,13,Gemini 3 Flash,gemini/gemini-3-flash,2,true
hmmt_nov_2025,13,Gemini 3 Flash,gemini/gemini-3-flash,3,true
hmmt_nov_2025,11,Gemini 3 Flash,gemini/gemini-3-flash,0,true
hmmt_nov_2025,11,Gemini 3 Flash,gemini/gemini-3-flash,1,true
hmmt_nov_2025,11,Gemini 3 Flash,gemini/gemini-3-flash,2,true
hmmt_nov_2025,11,Gemini 3 Flash,gemini/gemini-3-flash,3,true
hmmt_nov_2025,21,Gemini 3 Flash,gemini/gemini-3-flash,0,true
hmmt_nov_2025,21,Gemini 3 Flash,gemini/gemini-3-flash,1,true
hmmt_nov_2025,21,Gemini 3 Flash,gemini/gemini-3-flash,2,true
hmmt_nov_2025,21,Gemini 3 Flash,gemini/gemini-3-flash,3,true
hmmt_nov_2025,27,Gemini 3 Flash,gemini/gemini-3-flash,0,true
hmmt_nov_2025,27,Gemini 3 Flash,gemini/gemini-3-flash,1,true
hmmt_nov_2025,27,Gemini 3 Flash,gemini/gemini-3-flash,2,true
hmmt_nov_2025,27,Gemini 3 Flash,gemini/gemini-3-flash,3,true
hmmt_nov_2025,7,Gemini 3 Flash,gemini/gemini-3-flash,0,true
hmmt_nov_2025,7,Gemini 3 Flash,gemini/gemini-3-flash,1,true
hmmt_nov_2025,7,Gemini 3 Flash,gemini/gemini-3-flash,2,true
hmmt_nov_2025,7,Gemini 3 Flash,gemini/gemini-3-flash,3,true
hmmt_nov_2025,28,Gemini 3 Flash,gemini/gemini-3-flash,0,false
hmmt_nov_2025,28,Gemini 3 Flash,gemini/gemini-3-flash,1,false
hmmt_nov_2025,28,Gemini 3 Flash,gemini/gemini-3-flash,2,false
hmmt_nov_2025,28,Gemini 3 Flash,gemini/gemini-3-flash,3,false
hmmt_nov_2025,25,Gemini 3 Flash,gemini/gemini-3-flash,0,true
hmmt_nov_2025,25,Gemini 3 Flash,gemini/gemini-3-flash,1,true
hmmt_nov_2025,25,Gemini 3 Flash,gemini/gemini-3-flash,2,true
hmmt_nov_2025,25,Gemini 3 Flash,gemini/gemini-3-flash,3,true
hmmt_nov_2025,10,Gemini 3 Flash,gemini/gemini-3-flash,0,false
hmmt_nov_2025,10,Gemini 3 Flash,gemini/gemini-3-flash,1,false
hmmt_nov_2025,10,Gemini 3 Flash,gemini/gemini-3-flash,2,true
hmmt_nov_2025,10,Gemini 3 Flash,gemini/gemini-3-flash,3,false
hmmt_nov_2025,1,Gemini 3 Flash,gemini/gemini-3-flash,0,true
hmmt_nov_2025,1,Gemini 3 Flash,gemini/gemini-3-flash,1,true
hmmt_nov_2025,1,Gemini 3 Flash,gemini/gemini-3-flash,2,true
hmmt_nov_2025,1,Gemini 3 Flash,gemini/gemini-3-flash,3,true
hmmt_nov_2025,14,Gemini 3 Flash,gemini/gemini-3-flash,0,true
hmmt_nov_2025,14,Gemini 3 Flash,gemini/gemini-3-flash,1,true
hmmt_nov_2025,14,Gemini 3 Flash,gemini/gemini-3-flash,2,true
hmmt_nov_2025,14,Gemini 3 Flash,gemini/gemini-3-flash,3,true
hmmt_nov_2025,30,Gemini 3 Flash,gemini/gemini-3-flash,0,true
hmmt_nov_2025,30,Gemini 3 Flash,gemini/gemini-3-flash,1,true
hmmt_nov_2025,30,Gemini 3 Flash,gemini/gemini-3-flash,2,true
hmmt_nov_2025,30,Gemini 3 Flash,gemini/gemini-3-flash,3,true
hmmt_nov_2025,12,Gemini 3 Flash,gemini/gemini-3-flash,0,true
hmmt_nov_2025,12,Gemini 3 Flash,gemini/gemini-3-flash,1,true
hmmt_nov_2025,12,Gemini 3 Flash,gemini/gemini-3-flash,2,true
hmmt_nov_2025,12,Gemini 3 Flash,gemini/gemini-3-flash,3,true
hmmt_nov_2025,26,Gemini 3 Flash,gemini/gemini-3-flash,0,true
hmmt_nov_2025,26,Gemini 3 Flash,gemini/gemini-3-flash,1,true
hmmt_nov_2025,26,Gemini 3 Flash,gemini/gemini-3-flash,2,false
hmmt_nov_2025,26,Gemini 3 Flash,gemini/gemini-3-flash,3,true
hmmt_nov_2025,24,Gemini 3 Flash,gemini/gemini-3-flash,0,true
hmmt_nov_2025,24,Gemini 3 Flash,gemini/gemini-3-flash,1,true
hmmt_nov_2025,24,Gemini 3 Flash,gemini/gemini-3-flash,2,true
hmmt_nov_2025,24,Gemini 3 Flash,gemini/gemini-3-flash,3,true
hmmt_nov_2025,8,Gemini 3 Flash,gemini/gemini-3-flash,0,true
hmmt_nov_2025,8,Gemini 3 Flash,gemini/gemini-3-flash,1,true
hmmt_nov_2025,8,Gemini 3 Flash,gemini/gemini-3-flash,2,true
hmmt_nov_2025,8,Gemini 3 Flash,gemini/gemini-3-flash,3,true
hmmt_nov_2025,16,Gemini 3 Flash,gemini/gemini-3-flash,0,true
hmmt_nov_2025,16,Gemini 3 Flash,gemini/gemini-3-flash,1,true
hmmt_nov_2025,16,Gemini 3 Flash,gemini/gemini-3-flash,2,true
hmmt_nov_2025,16,Gemini 3 Flash,gemini/gemini-3-flash,3,true
hmmt_nov_2025,4,Gemini 3 Flash,gemini/gemini-3-flash,0,true
hmmt_nov_2025,4,Gemini 3 Flash,gemini/gemini-3-flash,1,true
hmmt_nov_2025,4,Gemini 3 Flash,gemini/gemini-3-flash,2,true
hmmt_nov_2025,4,Gemini 3 Flash,gemini/gemini-3-flash,3,true
hmmt_nov_2025,18,Gemini 3 Flash,gemini/gemini-3-flash,0,true
hmmt_nov_2025,18,Gemini 3 Flash,gemini/gemini-3-flash,1,true
hmmt_nov_2025,18,Gemini 3 Flash,gemini/gemini-3-flash,2,true
hmmt_nov_2025,18,Gemini 3 Flash,gemini/gemini-3-flash,3,true
hmmt_nov_2025,23,Gemini 3 Flash,gemini/gemini-3-flash,0,true
hmmt_nov_2025,23,Gemini 3 Flash,gemini/gemini-3-flash,1,true
hmmt_nov_2025,23,Gemini 3 Flash,gemini/gemini-3-flash,2,true
hmmt_nov_2025,23,Gemini 3 Flash,gemini/gemini-3-flash,3,true
hmmt_nov_2025,22,Gemini 3 Flash,gemini/gemini-3-flash,0,true
hmmt_nov_2025,22,Gemini 3 Flash,gemini/gemini-3-flash,1,true
hmmt_nov_2025,22,Gemini 3 Flash,gemini/gemini-3-flash,2,true
hmmt_nov_2025,22,Gemini 3 Flash,gemini/gemini-3-flash,3,true
hmmt_nov_2025,17,Gemini 3 Flash,gemini/gemini-3-flash,0,true
hmmt_nov_2025,17,Gemini 3 Flash,gemini/gemini-3-flash,1,true
hmmt_nov_2025,17,Gemini 3 Flash,gemini/gemini-3-flash,2,true
hmmt_nov_2025,17,Gemini 3 Flash,gemini/gemini-3-flash,3,true
hmmt_nov_2025,3,Gemini 3 Flash,gemini/gemini-3-flash,0,true
hmmt_nov_2025,3,Gemini 3 Flash,gemini/gemini-3-flash,1,true
hmmt_nov_2025,3,Gemini 3 Flash,gemini/gemini-3-flash,2,true
hmmt_nov_2025,3,Gemini 3 Flash,gemini/gemini-3-flash,3,true
hmmt_nov_2025,20,Gemini 3 Flash,gemini/gemini-3-flash,0,true
hmmt_nov_2025,20,Gemini 3 Flash,gemini/gemini-3-flash,1,true
hmmt_nov_2025,20,Gemini 3 Flash,gemini/gemini-3-flash,2,true
hmmt_nov_2025,20,Gemini 3 Flash,gemini/gemini-3-flash,3,true
hmmt_nov_2025,9,Gemini 3 Flash,gemini/gemini-3-flash,0,true
hmmt_nov_2025,9,Gemini 3 Flash,gemini/gemini-3-flash,1,true
hmmt_nov_2025,9,Gemini 3 Flash,gemini/gemini-3-flash,2,true
hmmt_nov_2025,9,Gemini 3 Flash,gemini/gemini-3-flash,3,true
hmmt_nov_2025,29,Gemini 3 Flash,gemini/gemini-3-flash,0,true
hmmt_nov_2025,29,Gemini 3 Flash,gemini/gemini-3-flash,1,true
hmmt_nov_2025,29,Gemini 3 Flash,gemini/gemini-3-flash,2,true
hmmt_nov_2025,29,Gemini 3 Flash,gemini/gemini-3-flash,3,true
hmmt_nov_2025,19,Gemini 3 Flash,gemini/gemini-3-flash,0,true
hmmt_nov_2025,19,Gemini 3 Flash,gemini/gemini-3-flash,1,true
hmmt_nov_2025,19,Gemini 3 Flash,gemini/gemini-3-flash,2,true
hmmt_nov_2025,19,Gemini 3 Flash,gemini/gemini-3-flash,3,true
hmmt_nov_2025,6,Gemini 3 Flash,gemini/gemini-3-flash,0,true
hmmt_nov_2025,6,Gemini 3 Flash,gemini/gemini-3-flash,1,true
hmmt_nov_2025,6,Gemini 3 Flash,gemini/gemini-3-flash,2,true
hmmt_nov_2025,6,Gemini 3 Flash,gemini/gemini-3-flash,3,true
hmmt_nov_2025,5,Gemini 3 Flash,gemini/gemini-3-flash,0,true
hmmt_nov_2025,5,Gemini 3 Flash,gemini/gemini-3-flash,1,true
hmmt_nov_2025,5,Gemini 3 Flash,gemini/gemini-3-flash,2,true
hmmt_nov_2025,5,Gemini 3 Flash,gemini/gemini-3-flash,3,true
hmmt_nov_2025,2,Gemini 2.5 Pro,gemini/gemini-pro-2.5,0,true
hmmt_nov_2025,2,Gemini 2.5 Pro,gemini/gemini-pro-2.5,1,true
hmmt_nov_2025,2,Gemini 2.5 Pro,gemini/gemini-pro-2.5,2,true
hmmt_nov_2025,2,Gemini 2.5 Pro,gemini/gemini-pro-2.5,3,false
hmmt_nov_2025,15,Gemini 2.5 Pro,gemini/gemini-pro-2.5,0,true
hmmt_nov_2025,15,Gemini 2.5 Pro,gemini/gemini-pro-2.5,1,true
hmmt_nov_2025,15,Gemini 2.5 Pro,gemini/gemini-pro-2.5,2,true
hmmt_nov_2025,15,Gemini 2.5 Pro,gemini/gemini-pro-2.5,3,true
hmmt_nov_2025,13,Gemini 2.5 Pro,gemini/gemini-pro-2.5,0,false
hmmt_nov_2025,13,Gemini 2.5 Pro,gemini/gemini-pro-2.5,1,true
hmmt_nov_2025,13,Gemini 2.5 Pro,gemini/gemini-pro-2.5,2,false
hmmt_nov_2025,13,Gemini 2.5 Pro,gemini/gemini-pro-2.5,3,false
hmmt_nov_2025,11,Gemini 2.5 Pro,gemini/gemini-pro-2.5,0,true
hmmt_nov_2025,11,Gemini 2.5 Pro,gemini/gemini-pro-2.5,1,true
hmmt_nov_2025,11,Gemini 2.5 Pro,gemini/gemini-pro-2.5,2,true
hmmt_nov_2025,11,Gemini 2.5 Pro,gemini/gemini-pro-2.5,3,true
hmmt_nov_2025,21,Gemini 2.5 Pro,gemini/gemini-pro-2.5,0,true
hmmt_nov_2025,21,Gemini 2.5 Pro,gemini/gemini-pro-2.5,1,true
hmmt_nov_2025,21,Gemini 2.5 Pro,gemini/gemini-pro-2.5,2,true
hmmt_nov_2025,21,Gemini 2.5 Pro,gemini/gemini-pro-2.5,3,true
hmmt_nov_2025,27,Gemini 2.5 Pro,gemini/gemini-pro-2.5,0,true
hmmt_nov_2025,27,Gemini 2.5 Pro,gemini/gemini-pro-2.5,1,true
hmmt_nov_2025,27,Gemini 2.5 Pro,gemini/gemini-pro-2.5,2,true
hmmt_nov_2025,27,Gemini 2.5 Pro,gemini/gemini-pro-2.5,3,true
hmmt_nov_2025,7,Gemini 2.5 Pro,gemini/gemini-pro-2.5,0,false
hmmt_nov_2025,7,Gemini 2.5 Pro,gemini/gemini-pro-2.5,1,true
hmmt_nov_2025,7,Gemini 2.5 Pro,gemini/gemini-pro-2.5,2,true
hmmt_nov_2025,7,Gemini 2.5 Pro,gemini/gemini-pro-2.5,3,true
hmmt_nov_2025,28,Gemini 2.5 Pro,gemini/gemini-pro-2.5,0,false
hmmt_nov_2025,28,Gemini 2.5 Pro,gemini/gemini-pro-2.5,1,false
hmmt_nov_2025,28,Gemini 2.5 Pro,gemini/gemini-pro-2.5,2,false
hmmt_nov_2025,28,Gemini 2.5 Pro,gemini/gemini-pro-2.5,3,false
hmmt_nov_2025,25,Gemini 2.5 Pro,gemini/gemini-pro-2.5,0,true
hmmt_nov_2025,25,Gemini 2.5 Pro,gemini/gemini-pro-2.5,1,true
hmmt_nov_2025,25,Gemini 2.5 Pro,gemini/gemini-pro-2.5,2,true
hmmt_nov_2025,25,Gemini 2.5 Pro,gemini/gemini-pro-2.5,3,true
hmmt_nov_2025,10,Gemini 2.5 Pro,gemini/gemini-pro-2.5,0,false
hmmt_nov_2025,10,Gemini 2.5 Pro,gemini/gemini-pro-2.5,1,false
hmmt_nov_2025,10,Gemini 2.5 Pro,gemini/gemini-pro-2.5,2,false
hmmt_nov_2025,10,Gemini 2.5 Pro,gemini/gemini-pro-2.5,3,false
hmmt_nov_2025,1,Gemini 2.5 Pro,gemini/gemini-pro-2.5,0,true
hmmt_nov_2025,1,Gemini 2.5 Pro,gemini/gemini-pro-2.5,1,true
hmmt_nov_2025,1,Gemini 2.5 Pro,gemini/gemini-pro-2.5,2,true
hmmt_nov_2025,1,Gemini 2.5 Pro,gemini/gemini-pro-2.5,3,true
hmmt_nov_2025,14,Gemini 2.5 Pro,gemini/gemini-pro-2.5,0,true
hmmt_nov_2025,14,Gemini 2.5 Pro,gemini/gemini-pro-2.5,1,true
hmmt_nov_2025,14,Gemini 2.5 Pro,gemini/gemini-pro-2.5,2,true
hmmt_nov_2025,14,Gemini 2.5 Pro,gemini/gemini-pro-2.5,3,true
hmmt_nov_2025,30,Gemini 2.5 Pro,gemini/gemini-pro-2.5,0,true
hmmt_nov_2025,30,Gemini 2.5 Pro,gemini/gemini-pro-2.5,1,true
hmmt_nov_2025,30,Gemini 2.5 Pro,gemini/gemini-pro-2.5,2,true
hmmt_nov_2025,30,Gemini 2.5 Pro,gemini/gemini-pro-2.5,3,false
hmmt_nov_2025,12,Gemini 2.5 Pro,gemini/gemini-pro-2.5,0,true
hmmt_nov_2025,12,Gemini 2.5 Pro,gemini/gemini-pro-2.5,1,true
hmmt_nov_2025,12,Gemini 2.5 Pro,gemini/gemini-pro-2.5,2,true
hmmt_nov_2025,12,Gemini 2.5 Pro,gemini/gemini-pro-2.5,3,true
hmmt_nov_2025,26,Gemini 2.5 Pro,gemini/gemini-pro-2.5,0,false
hmmt_nov_2025,26,Gemini 2.5 Pro,gemini/gemini-pro-2.5,1,true
hmmt_nov_2025,26,Gemini 2.5 Pro,gemini/gemini-pro-2.5,2,false
hmmt_nov_2025,26,Gemini 2.5 Pro,gemini/gemini-pro-2.5,3,true
hmmt_nov_2025,24,Gemini 2.5 Pro,gemini/gemini-pro-2.5,0,true
hmmt_nov_2025,24,Gemini 2.5 Pro,gemini/gemini-pro-2.5,1,true
hmmt_nov_2025,24,Gemini 2.5 Pro,gemini/gemini-pro-2.5,2,true
hmmt_nov_2025,24,Gemini 2.5 Pro,gemini/gemini-pro-2.5,3,true
hmmt_nov_2025,8,Gemini 2.5 Pro,gemini/gemini-pro-2.5,0,true
hmmt_nov_2025,8,Gemini 2.5 Pro,gemini/gemini-pro-2.5,1,true
hmmt_nov_2025,8,Gemini 2.5 Pro,gemini/gemini-pro-2.5,2,true
hmmt_nov_2025,8,Gemini 2.5 Pro,gemini/gemini-pro-2.5,3,true
hmmt_nov_2025,16,Gemini 2.5 Pro,gemini/gemini-pro-2.5,0,true
hmmt_nov_2025,16,Gemini 2.5 Pro,gemini/gemini-pro-2.5,1,false
hmmt_nov_2025,16,Gemini 2.5 Pro,gemini/gemini-pro-2.5,2,true
hmmt_nov_2025,16,Gemini 2.5 Pro,gemini/gemini-pro-2.5,3,true
hmmt_nov_2025,4,Gemini 2.5 Pro,gemini/gemini-pro-2.5,0,true
hmmt_nov_2025,4,Gemini 2.5 Pro,gemini/gemini-pro-2.5,1,true
hmmt_nov_2025,4,Gemini 2.5 Pro,gemini/gemini-pro-2.5,2,true
hmmt_nov_2025,4,Gemini 2.5 Pro,gemini/gemini-pro-2.5,3,true
hmmt_nov_2025,18,Gemini 2.5 Pro,gemini/gemini-pro-2.5,0,true
hmmt_nov_2025,18,Gemini 2.5 Pro,gemini/gemini-pro-2.5,1,true
hmmt_nov_2025,18,Gemini 2.5 Pro,gemini/gemini-pro-2.5,2,true
hmmt_nov_2025,18,Gemini 2.5 Pro,gemini/gemini-pro-2.5,3,true
hmmt_nov_2025,23,Gemini 2.5 Pro,gemini/gemini-pro-2.5,0,true
hmmt_nov_2025,23,Gemini 2.5 Pro,gemini/gemini-pro-2.5,1,true
hmmt_nov_2025,23,Gemini 2.5 Pro,gemini/gemini-pro-2.5,2,true
hmmt_nov_2025,23,Gemini 2.5 Pro,gemini/gemini-pro-2.5,3,true
hmmt_nov_2025,22,Gemini 2.5 Pro,gemini/gemini-pro-2.5,0,false
hmmt_nov_2025,22,Gemini 2.5 Pro,gemini/gemini-pro-2.5,1,true
hmmt_nov_2025,22,Gemini 2.5 Pro,gemini/gemini-pro-2.5,2,false
hmmt_nov_2025,22,Gemini 2.5 Pro,gemini/gemini-pro-2.5,3,true
hmmt_nov_2025,17,Gemini 2.5 Pro,gemini/gemini-pro-2.5,0,true
hmmt_nov_2025,17,Gemini 2.5 Pro,gemini/gemini-pro-2.5,1,true
hmmt_nov_2025,17,Gemini 2.5 Pro,gemini/gemini-pro-2.5,2,true
hmmt_nov_2025,17,Gemini 2.5 Pro,gemini/gemini-pro-2.5,3,true
hmmt_nov_2025,3,Gemini 2.5 Pro,gemini/gemini-pro-2.5,0,true
hmmt_nov_2025,3,Gemini 2.5 Pro,gemini/gemini-pro-2.5,1,true
hmmt_nov_2025,3,Gemini 2.5 Pro,gemini/gemini-pro-2.5,2,false
hmmt_nov_2025,3,Gemini 2.5 Pro,gemini/gemini-pro-2.5,3,true
hmmt_nov_2025,20,Gemini 2.5 Pro,gemini/gemini-pro-2.5,0,true
hmmt_nov_2025,20,Gemini 2.5 Pro,gemini/gemini-pro-2.5,1,true
hmmt_nov_2025,20,Gemini 2.5 Pro,gemini/gemini-pro-2.5,2,true
hmmt_nov_2025,20,Gemini 2.5 Pro,gemini/gemini-pro-2.5,3,true
hmmt_nov_2025,9,Gemini 2.5 Pro,gemini/gemini-pro-2.5,0,true
hmmt_nov_2025,9,Gemini 2.5 Pro,gemini/gemini-pro-2.5,1,true
hmmt_nov_2025,9,Gemini 2.5 Pro,gemini/gemini-pro-2.5,2,true
hmmt_nov_2025,9,Gemini 2.5 Pro,gemini/gemini-pro-2.5,3,true
hmmt_nov_2025,29,Gemini 2.5 Pro,gemini/gemini-pro-2.5,0,true
hmmt_nov_2025,29,Gemini 2.5 Pro,gemini/gemini-pro-2.5,1,true
hmmt_nov_2025,29,Gemini 2.5 Pro,gemini/gemini-pro-2.5,2,true
hmmt_nov_2025,29,Gemini 2.5 Pro,gemini/gemini-pro-2.5,3,true
hmmt_nov_2025,19,Gemini 2.5 Pro,gemini/gemini-pro-2.5,0,true
hmmt_nov_2025,19,Gemini 2.5 Pro,gemini/gemini-pro-2.5,1,true
hmmt_nov_2025,19,Gemini 2.5 Pro,gemini/gemini-pro-2.5,2,true
hmmt_nov_2025,19,Gemini 2.5 Pro,gemini/gemini-pro-2.5,3,true
hmmt_nov_2025,6,Gemini 2.5 Pro,gemini/gemini-pro-2.5,0,false
hmmt_nov_2025,6,Gemini 2.5 Pro,gemini/gemini-pro-2.5,1,false
hmmt_nov_2025,6,Gemini 2.5 Pro,gemini/gemini-pro-2.5,2,false
hmmt_nov_2025,6,Gemini 2.5 Pro,gemini/gemini-pro-2.5,3,false
hmmt_nov_2025,5,Gemini 2.5 Pro,gemini/gemini-pro-2.5,0,true
hmmt_nov_2025,5,Gemini 2.5 Pro,gemini/gemini-pro-2.5,1,true
hmmt_nov_2025,5,Gemini 2.5 Pro,gemini/gemini-pro-2.5,2,true
hmmt_nov_2025,5,Gemini 2.5 Pro,gemini/gemini-pro-2.5,3,true
hmmt_nov_2025,2,GPT-5 (high),openai/gpt-5,0,true
hmmt_nov_2025,2,GPT-5 (high),openai/gpt-5,1,true
hmmt_nov_2025,2,GPT-5 (high),openai/gpt-5,2,true
hmmt_nov_2025,2,GPT-5 (high),openai/gpt-5,3,true
hmmt_nov_2025,15,GPT-5 (high),openai/gpt-5,0,true
hmmt_nov_2025,15,GPT-5 (high),openai/gpt-5,1,true
hmmt_nov_2025,15,GPT-5 (high),openai/gpt-5,2,true
hmmt_nov_2025,15,GPT-5 (high),openai/gpt-5,3,true
hmmt_nov_2025,13,GPT-5 (high),openai/gpt-5,0,false
hmmt_nov_2025,13,GPT-5 (high),openai/gpt-5,1,true
hmmt_nov_2025,13,GPT-5 (high),openai/gpt-5,2,true
hmmt_nov_2025,13,GPT-5 (high),openai/gpt-5,3,true
hmmt_nov_2025,11,GPT-5 (high),openai/gpt-5,0,true
hmmt_nov_2025,11,GPT-5 (high),openai/gpt-5,1,true
hmmt_nov_2025,11,GPT-5 (high),openai/gpt-5,2,true
hmmt_nov_2025,11,GPT-5 (high),openai/gpt-5,3,true
hmmt_nov_2025,21,GPT-5 (high),openai/gpt-5,0,true
hmmt_nov_2025,21,GPT-5 (high),openai/gpt-5,1,true
hmmt_nov_2025,21,GPT-5 (high),openai/gpt-5,2,true
hmmt_nov_2025,21,GPT-5 (high),openai/gpt-5,3,true
hmmt_nov_2025,27,GPT-5 (high),openai/gpt-5,0,true
hmmt_nov_2025,27,GPT-5 (high),openai/gpt-5,1,true
hmmt_nov_2025,27,GPT-5 (high),openai/gpt-5,2,true
hmmt_nov_2025,27,GPT-5 (high),openai/gpt-5,3,true
hmmt_nov_2025,7,GPT-5 (high),openai/gpt-5,0,false
hmmt_nov_2025,7,GPT-5 (high),openai/gpt-5,1,false
hmmt_nov_2025,7,GPT-5 (high),openai/gpt-5,2,false
hmmt_nov_2025,7,GPT-5 (high),openai/gpt-5,3,true
hmmt_nov_2025,28,GPT-5 (high),openai/gpt-5,0,true
hmmt_nov_2025,28,GPT-5 (high),openai/gpt-5,1,true
hmmt_nov_2025,28,GPT-5 (high),openai/gpt-5,2,false
hmmt_nov_2025,28,GPT-5 (high),openai/gpt-5,3,false
hmmt_nov_2025,25,GPT-5 (high),openai/gpt-5,0,true
hmmt_nov_2025,25,GPT-5 (high),openai/gpt-5,1,true
hmmt_nov_2025,25,GPT-5 (high),openai/gpt-5,2,true
hmmt_nov_2025,25,GPT-5 (high),openai/gpt-5,3,true
hmmt_nov_2025,10,GPT-5 (high),openai/gpt-5,0,false
hmmt_nov_2025,10,GPT-5 (high),openai/gpt-5,1,false
hmmt_nov_2025,10,GPT-5 (high),openai/gpt-5,2,false
hmmt_nov_2025,10,GPT-5 (high),openai/gpt-5,3,false
hmmt_nov_2025,1,GPT-5 (high),openai/gpt-5,0,true
hmmt_nov_2025,1,GPT-5 (high),openai/gpt-5,1,true
hmmt_nov_2025,1,GPT-5 (high),openai/gpt-5,2,true
hmmt_nov_2025,1,GPT-5 (high),openai/gpt-5,3,true
hmmt_nov_2025,14,GPT-5 (high),openai/gpt-5,0,true
hmmt_nov_2025,14,GPT-5 (high),openai/gpt-5,1,true
hmmt_nov_2025,14,GPT-5 (high),openai/gpt-5,2,true
hmmt_nov_2025,14,GPT-5 (high),openai/gpt-5,3,true
hmmt_nov_2025,30,GPT-5 (high),openai/gpt-5,0,true
hmmt_nov_2025,30,GPT-5 (high),openai/gpt-5,1,true
hmmt_nov_2025,30,GPT-5 (high),openai/gpt-5,2,true
hmmt_nov_2025,30,GPT-5 (high),openai/gpt-5,3,false
hmmt_nov_2025,12,GPT-5 (high),openai/gpt-5,0,true
hmmt_nov_2025,12,GPT-5 (high),openai/gpt-5,1,true
hmmt_nov_2025,12,GPT-5 (high),openai/gpt-5,2,true
hmmt_nov_2025,12,GPT-5 (high),openai/gpt-5,3,true
hmmt_nov_2025,26,GPT-5 (high),openai/gpt-5,0,true
hmmt_nov_2025,26,GPT-5 (high),openai/gpt-5,1,true
hmmt_nov_2025,26,GPT-5 (high),openai/gpt-5,2,true
hmmt_nov_2025,26,GPT-5 (high),openai/gpt-5,3,true
hmmt_nov_2025,24,GPT-5 (high),openai/gpt-5,0,true
hmmt_nov_2025,24,GPT-5 (high),openai/gpt-5,1,true
hmmt_nov_2025,24,GPT-5 (high),openai/gpt-5,2,true
hmmt_nov_2025,24,GPT-5 (high),openai/gpt-5,3,true
hmmt_nov_2025,8,GPT-5 (high),openai/gpt-5,0,true
hmmt_nov_2025,8,GPT-5 (high),openai/gpt-5,1,true
hmmt_nov_2025,8,GPT-5 (high),openai/gpt-5,2,true
hmmt_nov_2025,8,GPT-5 (high),openai/gpt-5,3,true
hmmt_nov_2025,16,GPT-5 (high),openai/gpt-5,0,true
hmmt_nov_2025,16,GPT-5 (high),openai/gpt-5,1,false
hmmt_nov_2025,16,GPT-5 (high),openai/gpt-5,2,true
hmmt_nov_2025,16,GPT-5 (high),openai/gpt-5,3,true
hmmt_nov_2025,4,GPT-5 (high),openai/gpt-5,0,true
hmmt_nov_2025,4,GPT-5 (high),openai/gpt-5,1,true
hmmt_nov_2025,4,GPT-5 (high),openai/gpt-5,2,true
hmmt_nov_2025,4,GPT-5 (high),openai/gpt-5,3,true
hmmt_nov_2025,18,GPT-5 (high),openai/gpt-5,0,true
hmmt_nov_2025,18,GPT-5 (high),openai/gpt-5,1,true
hmmt_nov_2025,18,GPT-5 (high),openai/gpt-5,2,true
hmmt_nov_2025,18,GPT-5 (high),openai/gpt-5,3,true
hmmt_nov_2025,23,GPT-5 (high),openai/gpt-5,0,true
hmmt_nov_2025,23,GPT-5 (high),openai/gpt-5,1,true
hmmt_nov_2025,23,GPT-5 (high),openai/gpt-5,2,true
hmmt_nov_2025,23,GPT-5 (high),openai/gpt-5,3,true
hmmt_nov_2025,22,GPT-5 (high),openai/gpt-5,0,true
hmmt_nov_2025,22,GPT-5 (high),openai/gpt-5,1,false
hmmt_nov_2025,22,GPT-5 (high),openai/gpt-5,2,true
hmmt_nov_2025,22,GPT-5 (high),openai/gpt-5,3,true
hmmt_nov_2025,17,GPT-5 (high),openai/gpt-5,0,true
hmmt_nov_2025,17,GPT-5 (high),openai/gpt-5,1,true
hmmt_nov_2025,17,GPT-5 (high),openai/gpt-5,2,true
hmmt_nov_2025,17,GPT-5 (high),openai/gpt-5,3,true
hmmt_nov_2025,3,GPT-5 (high),openai/gpt-5,0,true
hmmt_nov_2025,3,GPT-5 (high),openai/gpt-5,1,true
hmmt_nov_2025,3,GPT-5 (high),openai/gpt-5,2,true
hmmt_nov_2025,3,GPT-5 (high),openai/gpt-5,3,true
hmmt_nov_2025,20,GPT-5 (high),openai/gpt-5,0,true
hmmt_nov_2025,20,GPT-5 (high),openai/gpt-5,1,true
hmmt_nov_2025,20,GPT-5 (high),openai/gpt-5,2,true
hmmt_nov_2025,20,GPT-5 (high),openai/gpt-5,3,true
hmmt_nov_2025,9,GPT-5 (high),openai/gpt-5,0,true
hmmt_nov_2025,9,GPT-5 (high),openai/gpt-5,1,true
hmmt_nov_2025,9,GPT-5 (high),openai/gpt-5,2,true
hmmt_nov_2025,9,GPT-5 (high),openai/gpt-5,3,true
hmmt_nov_2025,29,GPT-5 (high),openai/gpt-5,0,true
hmmt_nov_2025,29,GPT-5 (high),openai/gpt-5,1,true
hmmt_nov_2025,29,GPT-5 (high),openai/gpt-5,2,true
hmmt_nov_2025,29,GPT-5 (high),openai/gpt-5,3,true
hmmt_nov_2025,19,GPT-5 (high),openai/gpt-5,0,true
hmmt_nov_2025,19,GPT-5 (high),openai/gpt-5,1,true
hmmt_nov_2025,19,GPT-5 (high),openai/gpt-5,2,true
hmmt_nov_2025,19,GPT-5 (high),openai/gpt-5,3,true
hmmt_nov_2025,6,GPT-5 (high),openai/gpt-5,0,true
hmmt_nov_2025,6,GPT-5 (high),openai/gpt-5,1,true
hmmt_nov_2025,6,GPT-5 (high),openai/gpt-5,2,true
hmmt_nov_2025,6,GPT-5 (high),openai/gpt-5,3,true
hmmt_nov_2025,5,GPT-5 (high),openai/gpt-5,0,true
hmmt_nov_2025,5,GPT-5 (high),openai/gpt-5,1,true
hmmt_nov_2025,5,GPT-5 (high),openai/gpt-5,2,true
hmmt_nov_2025,5,GPT-5 (high),openai/gpt-5,3,true
hmmt_nov_2025,2,GPT-5.2 (xhigh),openai/gpt-52,0,true
hmmt_nov_2025,2,GPT-5.2 (xhigh),openai/gpt-52,1,true
hmmt_nov_2025,2,GPT-5.2 (xhigh),openai/gpt-52,2,true
hmmt_nov_2025,2,GPT-5.2 (xhigh),openai/gpt-52,3,true
hmmt_nov_2025,15,GPT-5.2 (xhigh),openai/gpt-52,0,true
hmmt_nov_2025,15,GPT-5.2 (xhigh),openai/gpt-52,1,true
hmmt_nov_2025,15,GPT-5.2 (xhigh),openai/gpt-52,2,true
hmmt_nov_2025,15,GPT-5.2 (xhigh),openai/gpt-52,3,true
hmmt_nov_2025,13,GPT-5.2 (xhigh),openai/gpt-52,0,true
hmmt_nov_2025,13,GPT-5.2 (xhigh),openai/gpt-52,1,true
hmmt_nov_2025,13,GPT-5.2 (xhigh),openai/gpt-52,2,true
hmmt_nov_2025,13,GPT-5.2 (xhigh),openai/gpt-52,3,true
hmmt_nov_2025,11,GPT-5.2 (xhigh),openai/gpt-52,0,true
hmmt_nov_2025,11,GPT-5.2 (xhigh),openai/gpt-52,1,true
hmmt_nov_2025,11,GPT-5.2 (xhigh),openai/gpt-52,2,true
hmmt_nov_2025,11,GPT-5.2 (xhigh),openai/gpt-52,3,true
hmmt_nov_2025,21,GPT-5.2 (xhigh),openai/gpt-52,0,true
hmmt_nov_2025,21,GPT-5.2 (xhigh),openai/gpt-52,1,true
hmmt_nov_2025,21,GPT-5.2 (xhigh),openai/gpt-52,2,true
hmmt_nov_2025,21,GPT-5.2 (xhigh),openai/gpt-52,3,true
hmmt_nov_2025,27,GPT-5.2 (xhigh),openai/gpt-52,0,true
hmmt_nov_2025,27,GPT-5.2 (xhigh),openai/gpt-52,1,true
hmmt_nov_2025,27,GPT-5.2 (xhigh),openai/gpt-52,2,true
hmmt_nov_2025,27,GPT-5.2 (xhigh),openai/gpt-52,3,true
hmmt_nov_2025,7,GPT-5.2 (xhigh),openai/gpt-52,0,true
hmmt_nov_2025,7,GPT-5.2 (xhigh),openai/gpt-52,1,true
hmmt_nov_2025,7,GPT-5.2 (xhigh),openai/gpt-52,2,true
hmmt_nov_2025,7,GPT-5.2 (xhigh),openai/gpt-52,3,true
hmmt_nov_2025,28,GPT-5.2 (xhigh),openai/gpt-52,0,true
hmmt_nov_2025,28,GPT-5.2 (xhigh),openai/gpt-52,1,true
hmmt_nov_2025,28,GPT-5.2 (xhigh),openai/gpt-52,2,true
hmmt_nov_2025,28,GPT-5.2 (xhigh),openai/gpt-52,3,true
hmmt_nov_2025,25,GPT-5.2 (xhigh),openai/gpt-52,0,true
hmmt_nov_2025,25,GPT-5.2 (xhigh),openai/gpt-52,1,true
hmmt_nov_2025,25,GPT-5.2 (xhigh),openai/gpt-52,2,true
hmmt_nov_2025,25,GPT-5.2 (xhigh),openai/gpt-52,3,true
hmmt_nov_2025,10,GPT-5.2 (xhigh),openai/gpt-52,0,false
hmmt_nov_2025,10,GPT-5.2 (xhigh),openai/gpt-52,1,true
hmmt_nov_2025,10,GPT-5.2 (xhigh),openai/gpt-52,2,true
hmmt_nov_2025,10,GPT-5.2 (xhigh),openai/gpt-52,3,true
hmmt_nov_2025,1,GPT-5.2 (xhigh),openai/gpt-52,0,true
hmmt_nov_2025,1,GPT-5.2 (xhigh),openai/gpt-52,1,true
hmmt_nov_2025,1,GPT-5.2 (xhigh),openai/gpt-52,2,true
hmmt_nov_2025,1,GPT-5.2 (xhigh),openai/gpt-52,3,true
hmmt_nov_2025,14,GPT-5.2 (xhigh),openai/gpt-52,0,true
hmmt_nov_2025,14,GPT-5.2 (xhigh),openai/gpt-52,1,true
hmmt_nov_2025,14,GPT-5.2 (xhigh),openai/gpt-52,2,true
hmmt_nov_2025,14,GPT-5.2 (xhigh),openai/gpt-52,3,true
hmmt_nov_2025,30,GPT-5.2 (xhigh),openai/gpt-52,0,true
hmmt_nov_2025,30,GPT-5.2 (xhigh),openai/gpt-52,1,true
hmmt_nov_2025,30,GPT-5.2 (xhigh),openai/gpt-52,2,true
hmmt_nov_2025,30,GPT-5.2 (xhigh),openai/gpt-52,3,true
hmmt_nov_2025,12,GPT-5.2 (xhigh),openai/gpt-52,0,true
hmmt_nov_2025,12,GPT-5.2 (xhigh),openai/gpt-52,1,true
hmmt_nov_2025,12,GPT-5.2 (xhigh),openai/gpt-52,2,true
hmmt_nov_2025,12,GPT-5.2 (xhigh),openai/gpt-52,3,true
hmmt_nov_2025,26,GPT-5.2 (xhigh),openai/gpt-52,0,true
hmmt_nov_2025,26,GPT-5.2 (xhigh),openai/gpt-52,1,true
hmmt_nov_2025,26,GPT-5.2 (xhigh),openai/gpt-52,2,true
hmmt_nov_2025,26,GPT-5.2 (xhigh),openai/gpt-52,3,true
hmmt_nov_2025,24,GPT-5.2 (xhigh),openai/gpt-52,0,true
hmmt_nov_2025,24,GPT-5.2 (xhigh),openai/gpt-52,1,true
hmmt_nov_2025,24,GPT-5.2 (xhigh),openai/gpt-52,2,true
hmmt_nov_2025,24,GPT-5.2 (xhigh),openai/gpt-52,3,true
hmmt_nov_2025,8,GPT-5.2 (xhigh),openai/gpt-52,0,true
hmmt_nov_2025,8,GPT-5.2 (xhigh),openai/gpt-52,1,true
hmmt_nov_2025,8,GPT-5.2 (xhigh),openai/gpt-52,2,true
hmmt_nov_2025,8,GPT-5.2 (xhigh),openai/gpt-52,3,true
hmmt_nov_2025,16,GPT-5.2 (xhigh),openai/gpt-52,0,true
hmmt_nov_2025,16,GPT-5.2 (xhigh),openai/gpt-52,1,true
hmmt_nov_2025,16,GPT-5.2 (xhigh),openai/gpt-52,2,true
hmmt_nov_2025,16,GPT-5.2 (xhigh),openai/gpt-52,3,true
hmmt_nov_2025,4,GPT-5.2 (xhigh),openai/gpt-52,0,true
hmmt_nov_2025,4,GPT-5.2 (xhigh),openai/gpt-52,1,true
hmmt_nov_2025,4,GPT-5.2 (xhigh),openai/gpt-52,2,true
hmmt_nov_2025,4,GPT-5.2 (xhigh),openai/gpt-52,3,true
hmmt_nov_2025,18,GPT-5.2 (xhigh),openai/gpt-52,0,true
hmmt_nov_2025,18,GPT-5.2 (xhigh),openai/gpt-52,1,true
hmmt_nov_2025,18,GPT-5.2 (xhigh),openai/gpt-52,2,true
hmmt_nov_2025,18,GPT-5.2 (xhigh),openai/gpt-52,3,true
hmmt_nov_2025,23,GPT-5.2 (xhigh),openai/gpt-52,0,true
hmmt_nov_2025,23,GPT-5.2 (xhigh),openai/gpt-52,1,true
hmmt_nov_2025,23,GPT-5.2 (xhigh),openai/gpt-52,2,true
hmmt_nov_2025,23,GPT-5.2 (xhigh),openai/gpt-52,3,true
hmmt_nov_2025,22,GPT-5.2 (xhigh),openai/gpt-52,0,true
hmmt_nov_2025,22,GPT-5.2 (xhigh),openai/gpt-52,1,true
hmmt_nov_2025,22,GPT-5.2 (xhigh),openai/gpt-52,2,true
hmmt_nov_2025,22,GPT-5.2 (xhigh),openai/gpt-52,3,true
hmmt_nov_2025,17,GPT-5.2 (xhigh),openai/gpt-52,0,true
hmmt_nov_2025,17,GPT-5.2 (xhigh),openai/gpt-52,1,true
hmmt_nov_2025,17,GPT-5.2 (xhigh),openai/gpt-52,2,true
hmmt_nov_2025,17,GPT-5.2 (xhigh),openai/gpt-52,3,true
hmmt_nov_2025,3,GPT-5.2 (xhigh),openai/gpt-52,0,true
hmmt_nov_2025,3,GPT-5.2 (xhigh),openai/gpt-52,1,true
hmmt_nov_2025,3,GPT-5.2 (xhigh),openai/gpt-52,2,true
hmmt_nov_2025,3,GPT-5.2 (xhigh),openai/gpt-52,3,true
hmmt_nov_2025,20,GPT-5.2 (xhigh),openai/gpt-52,0,true
hmmt_nov_2025,20,GPT-5.2 (xhigh),openai/gpt-52,1,true
hmmt_nov_2025,20,GPT-5.2 (xhigh),openai/gpt-52,2,true
hmmt_nov_2025,20,GPT-5.2 (xhigh),openai/gpt-52,3,true
hmmt_nov_2025,9,GPT-5.2 (xhigh),openai/gpt-52,0,true
hmmt_nov_2025,9,GPT-5.2 (xhigh),openai/gpt-52,1,true
hmmt_nov_2025,9,GPT-5.2 (xhigh),openai/gpt-52,2,true
hmmt_nov_2025,9,GPT-5.2 (xhigh),openai/gpt-52,3,true
hmmt_nov_2025,29,GPT-5.2 (xhigh),openai/gpt-52,0,true
hmmt_nov_2025,29,GPT-5.2 (xhigh),openai/gpt-52,1,true
hmmt_nov_2025,29,GPT-5.2 (xhigh),openai/gpt-52,2,true
hmmt_nov_2025,29,GPT-5.2 (xhigh),openai/gpt-52,3,true
hmmt_nov_2025,19,GPT-5.2 (xhigh),openai/gpt-52,0,true
hmmt_nov_2025,19,GPT-5.2 (xhigh),openai/gpt-52,1,true
hmmt_nov_2025,19,GPT-5.2 (xhigh),openai/gpt-52,2,true
hmmt_nov_2025,19,GPT-5.2 (xhigh),openai/gpt-52,3,true
hmmt_nov_2025,6,GPT-5.2 (xhigh),openai/gpt-52,0,true
hmmt_nov_2025,6,GPT-5.2 (xhigh),openai/gpt-52,1,true
hmmt_nov_2025,6,GPT-5.2 (xhigh),openai/gpt-52,2,true
hmmt_nov_2025,6,GPT-5.2 (xhigh),openai/gpt-52,3,true
hmmt_nov_2025,5,GPT-5.2 (xhigh),openai/gpt-52,0,true
hmmt_nov_2025,5,GPT-5.2 (xhigh),openai/gpt-52,1,true
hmmt_nov_2025,5,GPT-5.2 (xhigh),openai/gpt-52,2,true
hmmt_nov_2025,5,GPT-5.2 (xhigh),openai/gpt-52,3,true
hmmt_nov_2025,2,GPT OSS 120B (high),openai/oss-120b,0,true
hmmt_nov_2025,2,GPT OSS 120B (high),openai/oss-120b,1,true
hmmt_nov_2025,2,GPT OSS 120B (high),openai/oss-120b,2,true
hmmt_nov_2025,2,GPT OSS 120B (high),openai/oss-120b,3,true
hmmt_nov_2025,15,GPT OSS 120B (high),openai/oss-120b,0,true
hmmt_nov_2025,15,GPT OSS 120B (high),openai/oss-120b,1,true
hmmt_nov_2025,15,GPT OSS 120B (high),openai/oss-120b,2,true
hmmt_nov_2025,15,GPT OSS 120B (high),openai/oss-120b,3,true
hmmt_nov_2025,13,GPT OSS 120B (high),openai/oss-120b,0,true
hmmt_nov_2025,13,GPT OSS 120B (high),openai/oss-120b,1,true
hmmt_nov_2025,13,GPT OSS 120B (high),openai/oss-120b,2,true
hmmt_nov_2025,13,GPT OSS 120B (high),openai/oss-120b,3,true
hmmt_nov_2025,11,GPT OSS 120B (high),openai/oss-120b,0,true
hmmt_nov_2025,11,GPT OSS 120B (high),openai/oss-120b,1,true
hmmt_nov_2025,11,GPT OSS 120B (high),openai/oss-120b,2,true
hmmt_nov_2025,11,GPT OSS 120B (high),openai/oss-120b,3,true
hmmt_nov_2025,21,GPT OSS 120B (high),openai/oss-120b,0,true
hmmt_nov_2025,21,GPT OSS 120B (high),openai/oss-120b,1,true
hmmt_nov_2025,21,GPT OSS 120B (high),openai/oss-120b,2,true
hmmt_nov_2025,21,GPT OSS 120B (high),openai/oss-120b,3,true
hmmt_nov_2025,27,GPT OSS 120B (high),openai/oss-120b,0,true
hmmt_nov_2025,27,GPT OSS 120B (high),openai/oss-120b,1,true
hmmt_nov_2025,27,GPT OSS 120B (high),openai/oss-120b,2,true
hmmt_nov_2025,27,GPT OSS 120B (high),openai/oss-120b,3,true
hmmt_nov_2025,7,GPT OSS 120B (high),openai/oss-120b,0,true
hmmt_nov_2025,7,GPT OSS 120B (high),openai/oss-120b,1,true
hmmt_nov_2025,7,GPT OSS 120B (high),openai/oss-120b,2,true
hmmt_nov_2025,7,GPT OSS 120B (high),openai/oss-120b,3,true
hmmt_nov_2025,28,GPT OSS 120B (high),openai/oss-120b,0,false
hmmt_nov_2025,28,GPT OSS 120B (high),openai/oss-120b,1,false
hmmt_nov_2025,28,GPT OSS 120B (high),openai/oss-120b,2,false
hmmt_nov_2025,28,GPT OSS 120B (high),openai/oss-120b,3,false
hmmt_nov_2025,25,GPT OSS 120B (high),openai/oss-120b,0,true
hmmt_nov_2025,25,GPT OSS 120B (high),openai/oss-120b,1,true
hmmt_nov_2025,25,GPT OSS 120B (high),openai/oss-120b,2,true
hmmt_nov_2025,25,GPT OSS 120B (high),openai/oss-120b,3,true
hmmt_nov_2025,10,GPT OSS 120B (high),openai/oss-120b,0,false
hmmt_nov_2025,10,GPT OSS 120B (high),openai/oss-120b,1,false
hmmt_nov_2025,10,GPT OSS 120B (high),openai/oss-120b,2,false
hmmt_nov_2025,10,GPT OSS 120B (high),openai/oss-120b,3,false
hmmt_nov_2025,1,GPT OSS 120B (high),openai/oss-120b,0,true
hmmt_nov_2025,1,GPT OSS 120B (high),openai/oss-120b,1,true
hmmt_nov_2025,1,GPT OSS 120B (high),openai/oss-120b,2,true
hmmt_nov_2025,1,GPT OSS 120B (high),openai/oss-120b,3,true
hmmt_nov_2025,14,GPT OSS 120B (high),openai/oss-120b,0,true
hmmt_nov_2025,14,GPT OSS 120B (high),openai/oss-120b,1,true
hmmt_nov_2025,14,GPT OSS 120B (high),openai/oss-120b,2,true
hmmt_nov_2025,14,GPT OSS 120B (high),openai/oss-120b,3,true
hmmt_nov_2025,30,GPT OSS 120B (high),openai/oss-120b,0,true
hmmt_nov_2025,30,GPT OSS 120B (high),openai/oss-120b,1,true
hmmt_nov_2025,30,GPT OSS 120B (high),openai/oss-120b,2,true
hmmt_nov_2025,30,GPT OSS 120B (high),openai/oss-120b,3,true
hmmt_nov_2025,12,GPT OSS 120B (high),openai/oss-120b,0,true
hmmt_nov_2025,12,GPT OSS 120B (high),openai/oss-120b,1,true
hmmt_nov_2025,12,GPT OSS 120B (high),openai/oss-120b,2,true
hmmt_nov_2025,12,GPT OSS 120B (high),openai/oss-120b,3,true
hmmt_nov_2025,26,GPT OSS 120B (high),openai/oss-120b,0,true
hmmt_nov_2025,26,GPT OSS 120B (high),openai/oss-120b,1,false
hmmt_nov_2025,26,GPT OSS 120B (high),openai/oss-120b,2,true
hmmt_nov_2025,26,GPT OSS 120B (high),openai/oss-120b,3,true
hmmt_nov_2025,24,GPT OSS 120B (high),openai/oss-120b,0,true
hmmt_nov_2025,24,GPT OSS 120B (high),openai/oss-120b,1,true
hmmt_nov_2025,24,GPT OSS 120B (high),openai/oss-120b,2,true
hmmt_nov_2025,24,GPT OSS 120B (high),openai/oss-120b,3,true
hmmt_nov_2025,8,GPT OSS 120B (high),openai/oss-120b,0,true
hmmt_nov_2025,8,GPT OSS 120B (high),openai/oss-120b,1,true
hmmt_nov_2025,8,GPT OSS 120B (high),openai/oss-120b,2,true
hmmt_nov_2025,8,GPT OSS 120B (high),openai/oss-120b,3,true
hmmt_nov_2025,16,GPT OSS 120B (high),openai/oss-120b,0,false
hmmt_nov_2025,16,GPT OSS 120B (high),openai/oss-120b,1,true
hmmt_nov_2025,16,GPT OSS 120B (high),openai/oss-120b,2,true
hmmt_nov_2025,16,GPT OSS 120B (high),openai/oss-120b,3,false
hmmt_nov_2025,4,GPT OSS 120B (high),openai/oss-120b,0,true
hmmt_nov_2025,4,GPT OSS 120B (high),openai/oss-120b,1,true
hmmt_nov_2025,4,GPT OSS 120B (high),openai/oss-120b,2,true
hmmt_nov_2025,4,GPT OSS 120B (high),openai/oss-120b,3,true
hmmt_nov_2025,18,GPT OSS 120B (high),openai/oss-120b,0,true
hmmt_nov_2025,18,GPT OSS 120B (high),openai/oss-120b,1,true
hmmt_nov_2025,18,GPT OSS 120B (high),openai/oss-120b,2,true
hmmt_nov_2025,18,GPT OSS 120B (high),openai/oss-120b,3,true
hmmt_nov_2025,23,GPT OSS 120B (high),openai/oss-120b,0,true
hmmt_nov_2025,23,GPT OSS 120B (high),openai/oss-120b,1,true
hmmt_nov_2025,23,GPT OSS 120B (high),openai/oss-120b,2,true
hmmt_nov_2025,23,GPT OSS 120B (high),openai/oss-120b,3,true
hmmt_nov_2025,22,GPT OSS 120B (high),openai/oss-120b,0,true
hmmt_nov_2025,22,GPT OSS 120B (high),openai/oss-120b,1,true
hmmt_nov_2025,22,GPT OSS 120B (high),openai/oss-120b,2,false
hmmt_nov_2025,22,GPT OSS 120B (high),openai/oss-120b,3,true
hmmt_nov_2025,17,GPT OSS 120B (high),openai/oss-120b,0,true
hmmt_nov_2025,17,GPT OSS 120B (high),openai/oss-120b,1,true
hmmt_nov_2025,17,GPT OSS 120B (high),openai/oss-120b,2,true
hmmt_nov_2025,17,GPT OSS 120B (high),openai/oss-120b,3,true
hmmt_nov_2025,3,GPT OSS 120B (high),openai/oss-120b,0,true
hmmt_nov_2025,3,GPT OSS 120B (high),openai/oss-120b,1,true
hmmt_nov_2025,3,GPT OSS 120B (high),openai/oss-120b,2,true
hmmt_nov_2025,3,GPT OSS 120B (high),openai/oss-120b,3,true
hmmt_nov_2025,20,GPT OSS 120B (high),openai/oss-120b,0,true
hmmt_nov_2025,20,GPT OSS 120B (high),openai/oss-120b,1,true
hmmt_nov_2025,20,GPT OSS 120B (high),openai/oss-120b,2,true
hmmt_nov_2025,20,GPT OSS 120B (high),openai/oss-120b,3,true
hmmt_nov_2025,9,GPT OSS 120B (high),openai/oss-120b,0,true
hmmt_nov_2025,9,GPT OSS 120B (high),openai/oss-120b,1,true
hmmt_nov_2025,9,GPT OSS 120B (high),openai/oss-120b,2,true
hmmt_nov_2025,9,GPT OSS 120B (high),openai/oss-120b,3,true
hmmt_nov_2025,29,GPT OSS 120B (high),openai/oss-120b,0,true
hmmt_nov_2025,29,GPT OSS 120B (high),openai/oss-120b,1,true
hmmt_nov_2025,29,GPT OSS 120B (high),openai/oss-120b,2,true
hmmt_nov_2025,29,GPT OSS 120B (high),openai/oss-120b,3,true
hmmt_nov_2025,19,GPT OSS 120B (high),openai/oss-120b,0,true
hmmt_nov_2025,19,GPT OSS 120B (high),openai/oss-120b,1,true
hmmt_nov_2025,19,GPT OSS 120B (high),openai/oss-120b,2,true
hmmt_nov_2025,19,GPT OSS 120B (high),openai/oss-120b,3,true
hmmt_nov_2025,6,GPT OSS 120B (high),openai/oss-120b,0,true
hmmt_nov_2025,6,GPT OSS 120B (high),openai/oss-120b,1,true
hmmt_nov_2025,6,GPT OSS 120B (high),openai/oss-120b,2,true
hmmt_nov_2025,6,GPT OSS 120B (high),openai/oss-120b,3,true
hmmt_nov_2025,5,GPT OSS 120B (high),openai/oss-120b,0,true
hmmt_nov_2025,5,GPT OSS 120B (high),openai/oss-120b,1,true
hmmt_nov_2025,5,GPT OSS 120B (high),openai/oss-120b,2,true
hmmt_nov_2025,5,GPT OSS 120B (high),openai/oss-120b,3,true
hmmt_nov_2025,2,GPT-5.2 (high),openai/gpt-52-high,0,true
hmmt_nov_2025,2,GPT-5.2 (high),openai/gpt-52-high,1,true
hmmt_nov_2025,2,GPT-5.2 (high),openai/gpt-52-high,2,true
hmmt_nov_2025,2,GPT-5.2 (high),openai/gpt-52-high,3,true
hmmt_nov_2025,15,GPT-5.2 (high),openai/gpt-52-high,0,true
hmmt_nov_2025,15,GPT-5.2 (high),openai/gpt-52-high,1,true
hmmt_nov_2025,15,GPT-5.2 (high),openai/gpt-52-high,2,true
hmmt_nov_2025,15,GPT-5.2 (high),openai/gpt-52-high,3,true
hmmt_nov_2025,13,GPT-5.2 (high),openai/gpt-52-high,0,true
hmmt_nov_2025,13,GPT-5.2 (high),openai/gpt-52-high,1,true
hmmt_nov_2025,13,GPT-5.2 (high),openai/gpt-52-high,2,true
hmmt_nov_2025,13,GPT-5.2 (high),openai/gpt-52-high,3,true
hmmt_nov_2025,11,GPT-5.2 (high),openai/gpt-52-high,0,true
hmmt_nov_2025,11,GPT-5.2 (high),openai/gpt-52-high,1,true
hmmt_nov_2025,11,GPT-5.2 (high),openai/gpt-52-high,2,true
hmmt_nov_2025,11,GPT-5.2 (high),openai/gpt-52-high,3,true
hmmt_nov_2025,21,GPT-5.2 (high),openai/gpt-52-high,0,true
hmmt_nov_2025,21,GPT-5.2 (high),openai/gpt-52-high,1,true
hmmt_nov_2025,21,GPT-5.2 (high),openai/gpt-52-high,2,true
hmmt_nov_2025,21,GPT-5.2 (high),openai/gpt-52-high,3,true
hmmt_nov_2025,27,GPT-5.2 (high),openai/gpt-52-high,0,true
hmmt_nov_2025,27,GPT-5.2 (high),openai/gpt-52-high,1,true
hmmt_nov_2025,27,GPT-5.2 (high),openai/gpt-52-high,2,true
hmmt_nov_2025,27,GPT-5.2 (high),openai/gpt-52-high,3,true
hmmt_nov_2025,7,GPT-5.2 (high),openai/gpt-52-high,0,true
hmmt_nov_2025,7,GPT-5.2 (high),openai/gpt-52-high,1,true
hmmt_nov_2025,7,GPT-5.2 (high),openai/gpt-52-high,2,true
hmmt_nov_2025,7,GPT-5.2 (high),openai/gpt-52-high,3,true
hmmt_nov_2025,28,GPT-5.2 (high),openai/gpt-52-high,0,true
hmmt_nov_2025,28,GPT-5.2 (high),openai/gpt-52-high,1,true
hmmt_nov_2025,28,GPT-5.2 (high),openai/gpt-52-high,2,true
hmmt_nov_2025,28,GPT-5.2 (high),openai/gpt-52-high,3,true
hmmt_nov_2025,25,GPT-5.2 (high),openai/gpt-52-high,0,true
hmmt_nov_2025,25,GPT-5.2 (high),openai/gpt-52-high,1,true
hmmt_nov_2025,25,GPT-5.2 (high),openai/gpt-52-high,2,true
hmmt_nov_2025,25,GPT-5.2 (high),openai/gpt-52-high,3,true
hmmt_nov_2025,10,GPT-5.2 (high),openai/gpt-52-high,0,false
hmmt_nov_2025,10,GPT-5.2 (high),openai/gpt-52-high,1,false
hmmt_nov_2025,10,GPT-5.2 (high),openai/gpt-52-high,2,true
hmmt_nov_2025,10,GPT-5.2 (high),openai/gpt-52-high,3,true
hmmt_nov_2025,1,GPT-5.2 (high),openai/gpt-52-high,0,true
hmmt_nov_2025,1,GPT-5.2 (high),openai/gpt-52-high,1,true
hmmt_nov_2025,1,GPT-5.2 (high),openai/gpt-52-high,2,true
hmmt_nov_2025,1,GPT-5.2 (high),openai/gpt-52-high,3,true
hmmt_nov_2025,14,GPT-5.2 (high),openai/gpt-52-high,0,true
hmmt_nov_2025,14,GPT-5.2 (high),openai/gpt-52-high,1,true
hmmt_nov_2025,14,GPT-5.2 (high),openai/gpt-52-high,2,true
hmmt_nov_2025,14,GPT-5.2 (high),openai/gpt-52-high,3,true
hmmt_nov_2025,30,GPT-5.2 (high),openai/gpt-52-high,0,true
hmmt_nov_2025,30,GPT-5.2 (high),openai/gpt-52-high,1,true
hmmt_nov_2025,30,GPT-5.2 (high),openai/gpt-52-high,2,false
hmmt_nov_2025,30,GPT-5.2 (high),openai/gpt-52-high,3,false
hmmt_nov_2025,12,GPT-5.2 (high),openai/gpt-52-high,0,true
hmmt_nov_2025,12,GPT-5.2 (high),openai/gpt-52-high,1,true
hmmt_nov_2025,12,GPT-5.2 (high),openai/gpt-52-high,2,true
hmmt_nov_2025,12,GPT-5.2 (high),openai/gpt-52-high,3,true
hmmt_nov_2025,26,GPT-5.2 (high),openai/gpt-52-high,0,true
hmmt_nov_2025,26,GPT-5.2 (high),openai/gpt-52-high,1,true
hmmt_nov_2025,26,GPT-5.2 (high),openai/gpt-52-high,2,false
hmmt_nov_2025,26,GPT-5.2 (high),openai/gpt-52-high,3,true
hmmt_nov_2025,24,GPT-5.2 (high),openai/gpt-52-high,0,true
hmmt_nov_2025,24,GPT-5.2 (high),openai/gpt-52-high,1,true
hmmt_nov_2025,24,GPT-5.2 (high),openai/gpt-52-high,2,true
hmmt_nov_2025,24,GPT-5.2 (high),openai/gpt-52-high,3,true
hmmt_nov_2025,8,GPT-5.2 (high),openai/gpt-52-high,0,true
hmmt_nov_2025,8,GPT-5.2 (high),openai/gpt-52-high,1,true
hmmt_nov_2025,8,GPT-5.2 (high),openai/gpt-52-high,2,true
hmmt_nov_2025,8,GPT-5.2 (high),openai/gpt-52-high,3,true
hmmt_nov_2025,16,GPT-5.2 (high),openai/gpt-52-high,0,true
hmmt_nov_2025,16,GPT-5.2 (high),openai/gpt-52-high,1,true
hmmt_nov_2025,16,GPT-5.2 (high),openai/gpt-52-high,2,true
hmmt_nov_2025,16,GPT-5.2 (high),openai/gpt-52-high,3,true
hmmt_nov_2025,4,GPT-5.2 (high),openai/gpt-52-high,0,true
hmmt_nov_2025,4,GPT-5.2 (high),openai/gpt-52-high,1,true
hmmt_nov_2025,4,GPT-5.2 (high),openai/gpt-52-high,2,true
hmmt_nov_2025,4,GPT-5.2 (high),openai/gpt-52-high,3,true
hmmt_nov_2025,18,GPT-5.2 (high),openai/gpt-52-high,0,true
hmmt_nov_2025,18,GPT-5.2 (high),openai/gpt-52-high,1,true
hmmt_nov_2025,18,GPT-5.2 (high),openai/gpt-52-high,2,true
hmmt_nov_2025,18,GPT-5.2 (high),openai/gpt-52-high,3,true
hmmt_nov_2025,23,GPT-5.2 (high),openai/gpt-52-high,0,true
hmmt_nov_2025,23,GPT-5.2 (high),openai/gpt-52-high,1,true
hmmt_nov_2025,23,GPT-5.2 (high),openai/gpt-52-high,2,true
hmmt_nov_2025,23,GPT-5.2 (high),openai/gpt-52-high,3,true
hmmt_nov_2025,22,GPT-5.2 (high),openai/gpt-52-high,0,true
hmmt_nov_2025,22,GPT-5.2 (high),openai/gpt-52-high,1,true
hmmt_nov_2025,22,GPT-5.2 (high),openai/gpt-52-high,2,true
hmmt_nov_2025,22,GPT-5.2 (high),openai/gpt-52-high,3,true
hmmt_nov_2025,17,GPT-5.2 (high),openai/gpt-52-high,0,true
hmmt_nov_2025,17,GPT-5.2 (high),openai/gpt-52-high,1,true
hmmt_nov_2025,17,GPT-5.2 (high),openai/gpt-52-high,2,true
hmmt_nov_2025,17,GPT-5.2 (high),openai/gpt-52-high,3,true
hmmt_nov_2025,3,GPT-5.2 (high),openai/gpt-52-high,0,true
hmmt_nov_2025,3,GPT-5.2 (high),openai/gpt-52-high,1,true
hmmt_nov_2025,3,GPT-5.2 (high),openai/gpt-52-high,2,true
hmmt_nov_2025,3,GPT-5.2 (high),openai/gpt-52-high,3,true
hmmt_nov_2025,20,GPT-5.2 (high),openai/gpt-52-high,0,true
hmmt_nov_2025,20,GPT-5.2 (high),openai/gpt-52-high,1,true
hmmt_nov_2025,20,GPT-5.2 (high),openai/gpt-52-high,2,true
hmmt_nov_2025,20,GPT-5.2 (high),openai/gpt-52-high,3,true
hmmt_nov_2025,9,GPT-5.2 (high),openai/gpt-52-high,0,true
hmmt_nov_2025,9,GPT-5.2 (high),openai/gpt-52-high,1,true
hmmt_nov_2025,9,GPT-5.2 (high),openai/gpt-52-high,2,true
hmmt_nov_2025,9,GPT-5.2 (high),openai/gpt-52-high,3,true
hmmt_nov_2025,29,GPT-5.2 (high),openai/gpt-52-high,0,true
hmmt_nov_2025,29,GPT-5.2 (high),openai/gpt-52-high,1,true
hmmt_nov_2025,29,GPT-5.2 (high),openai/gpt-52-high,2,true
hmmt_nov_2025,29,GPT-5.2 (high),openai/gpt-52-high,3,true
hmmt_nov_2025,19,GPT-5.2 (high),openai/gpt-52-high,0,true
hmmt_nov_2025,19,GPT-5.2 (high),openai/gpt-52-high,1,true
hmmt_nov_2025,19,GPT-5.2 (high),openai/gpt-52-high,2,true
hmmt_nov_2025,19,GPT-5.2 (high),openai/gpt-52-high,3,true
hmmt_nov_2025,6,GPT-5.2 (high),openai/gpt-52-high,0,true
hmmt_nov_2025,6,GPT-5.2 (high),openai/gpt-52-high,1,true
hmmt_nov_2025,6,GPT-5.2 (high),openai/gpt-52-high,2,true
hmmt_nov_2025,6,GPT-5.2 (high),openai/gpt-52-high,3,true
hmmt_nov_2025,5,GPT-5.2 (high),openai/gpt-52-high,0,true
hmmt_nov_2025,5,GPT-5.2 (high),openai/gpt-52-high,1,true
hmmt_nov_2025,5,GPT-5.2 (high),openai/gpt-52-high,2,true
hmmt_nov_2025,5,GPT-5.2 (high),openai/gpt-52-high,3,true
hmmt_nov_2025,2,GPT-5-mini (high),openai/gpt-5-mini,0,true
hmmt_nov_2025,2,GPT-5-mini (high),openai/gpt-5-mini,1,true
hmmt_nov_2025,2,GPT-5-mini (high),openai/gpt-5-mini,2,true
hmmt_nov_2025,2,GPT-5-mini (high),openai/gpt-5-mini,3,true
hmmt_nov_2025,15,GPT-5-mini (high),openai/gpt-5-mini,0,true
hmmt_nov_2025,15,GPT-5-mini (high),openai/gpt-5-mini,1,true
hmmt_nov_2025,15,GPT-5-mini (high),openai/gpt-5-mini,2,true
hmmt_nov_2025,15,GPT-5-mini (high),openai/gpt-5-mini,3,true
hmmt_nov_2025,13,GPT-5-mini (high),openai/gpt-5-mini,0,true
hmmt_nov_2025,13,GPT-5-mini (high),openai/gpt-5-mini,1,true
hmmt_nov_2025,13,GPT-5-mini (high),openai/gpt-5-mini,2,true
hmmt_nov_2025,13,GPT-5-mini (high),openai/gpt-5-mini,3,true
hmmt_nov_2025,11,GPT-5-mini (high),openai/gpt-5-mini,0,true
hmmt_nov_2025,11,GPT-5-mini (high),openai/gpt-5-mini,1,true
hmmt_nov_2025,11,GPT-5-mini (high),openai/gpt-5-mini,2,true
hmmt_nov_2025,11,GPT-5-mini (high),openai/gpt-5-mini,3,true
hmmt_nov_2025,21,GPT-5-mini (high),openai/gpt-5-mini,0,true
hmmt_nov_2025,21,GPT-5-mini (high),openai/gpt-5-mini,1,true
hmmt_nov_2025,21,GPT-5-mini (high),openai/gpt-5-mini,2,true
hmmt_nov_2025,21,GPT-5-mini (high),openai/gpt-5-mini,3,true
hmmt_nov_2025,27,GPT-5-mini (high),openai/gpt-5-mini,0,true
hmmt_nov_2025,27,GPT-5-mini (high),openai/gpt-5-mini,1,true
hmmt_nov_2025,27,GPT-5-mini (high),openai/gpt-5-mini,2,true
hmmt_nov_2025,27,GPT-5-mini (high),openai/gpt-5-mini,3,false
hmmt_nov_2025,7,GPT-5-mini (high),openai/gpt-5-mini,0,false
hmmt_nov_2025,7,GPT-5-mini (high),openai/gpt-5-mini,1,false
hmmt_nov_2025,7,GPT-5-mini (high),openai/gpt-5-mini,2,false
hmmt_nov_2025,7,GPT-5-mini (high),openai/gpt-5-mini,3,true
hmmt_nov_2025,28,GPT-5-mini (high),openai/gpt-5-mini,0,false
hmmt_nov_2025,28,GPT-5-mini (high),openai/gpt-5-mini,1,true
hmmt_nov_2025,28,GPT-5-mini (high),openai/gpt-5-mini,2,false
hmmt_nov_2025,28,GPT-5-mini (high),openai/gpt-5-mini,3,false
hmmt_nov_2025,25,GPT-5-mini (high),openai/gpt-5-mini,0,true
hmmt_nov_2025,25,GPT-5-mini (high),openai/gpt-5-mini,1,true
hmmt_nov_2025,25,GPT-5-mini (high),openai/gpt-5-mini,2,true
hmmt_nov_2025,25,GPT-5-mini (high),openai/gpt-5-mini,3,true
hmmt_nov_2025,10,GPT-5-mini (high),openai/gpt-5-mini,0,false
hmmt_nov_2025,10,GPT-5-mini (high),openai/gpt-5-mini,1,false
hmmt_nov_2025,10,GPT-5-mini (high),openai/gpt-5-mini,2,false
hmmt_nov_2025,10,GPT-5-mini (high),openai/gpt-5-mini,3,false
hmmt_nov_2025,1,GPT-5-mini (high),openai/gpt-5-mini,0,true
hmmt_nov_2025,1,GPT-5-mini (high),openai/gpt-5-mini,1,true
hmmt_nov_2025,1,GPT-5-mini (high),openai/gpt-5-mini,2,true
hmmt_nov_2025,1,GPT-5-mini (high),openai/gpt-5-mini,3,true
hmmt_nov_2025,14,GPT-5-mini (high),openai/gpt-5-mini,0,true
hmmt_nov_2025,14,GPT-5-mini (high),openai/gpt-5-mini,1,true
hmmt_nov_2025,14,GPT-5-mini (high),openai/gpt-5-mini,2,true
hmmt_nov_2025,14,GPT-5-mini (high),openai/gpt-5-mini,3,true
hmmt_nov_2025,30,GPT-5-mini (high),openai/gpt-5-mini,0,true
hmmt_nov_2025,30,GPT-5-mini (high),openai/gpt-5-mini,1,true
hmmt_nov_2025,30,GPT-5-mini (high),openai/gpt-5-mini,2,true
hmmt_nov_2025,30,GPT-5-mini (high),openai/gpt-5-mini,3,false
hmmt_nov_2025,12,GPT-5-mini (high),openai/gpt-5-mini,0,true
hmmt_nov_2025,12,GPT-5-mini (high),openai/gpt-5-mini,1,true
hmmt_nov_2025,12,GPT-5-mini (high),openai/gpt-5-mini,2,true
hmmt_nov_2025,12,GPT-5-mini (high),openai/gpt-5-mini,3,true
hmmt_nov_2025,26,GPT-5-mini (high),openai/gpt-5-mini,0,false
hmmt_nov_2025,26,GPT-5-mini (high),openai/gpt-5-mini,1,false
hmmt_nov_2025,26,GPT-5-mini (high),openai/gpt-5-mini,2,true
hmmt_nov_2025,26,GPT-5-mini (high),openai/gpt-5-mini,3,true
hmmt_nov_2025,24,GPT-5-mini (high),openai/gpt-5-mini,0,true
hmmt_nov_2025,24,GPT-5-mini (high),openai/gpt-5-mini,1,true
hmmt_nov_2025,24,GPT-5-mini (high),openai/gpt-5-mini,2,true
hmmt_nov_2025,24,GPT-5-mini (high),openai/gpt-5-mini,3,true
hmmt_nov_2025,8,GPT-5-mini (high),openai/gpt-5-mini,0,true
hmmt_nov_2025,8,GPT-5-mini (high),openai/gpt-5-mini,1,true
hmmt_nov_2025,8,GPT-5-mini (high),openai/gpt-5-mini,2,true
hmmt_nov_2025,8,GPT-5-mini (high),openai/gpt-5-mini,3,true
hmmt_nov_2025,16,GPT-5-mini (high),openai/gpt-5-mini,0,false
hmmt_nov_2025,16,GPT-5-mini (high),openai/gpt-5-mini,1,false
hmmt_nov_2025,16,GPT-5-mini (high),openai/gpt-5-mini,2,true
hmmt_nov_2025,16,GPT-5-mini (high),openai/gpt-5-mini,3,false
hmmt_nov_2025,4,GPT-5-mini (high),openai/gpt-5-mini,0,true
hmmt_nov_2025,4,GPT-5-mini (high),openai/gpt-5-mini,1,true
hmmt_nov_2025,4,GPT-5-mini (high),openai/gpt-5-mini,2,true
hmmt_nov_2025,4,GPT-5-mini (high),openai/gpt-5-mini,3,true
hmmt_nov_2025,18,GPT-5-mini (high),openai/gpt-5-mini,0,true
hmmt_nov_2025,18,GPT-5-mini (high),openai/gpt-5-mini,1,true
hmmt_nov_2025,18,GPT-5-mini (high),openai/gpt-5-mini,2,true
hmmt_nov_2025,18,GPT-5-mini (high),openai/gpt-5-mini,3,true
hmmt_nov_2025,23,GPT-5-mini (high),openai/gpt-5-mini,0,true
hmmt_nov_2025,23,GPT-5-mini (high),openai/gpt-5-mini,1,true
hmmt_nov_2025,23,GPT-5-mini (high),openai/gpt-5-mini,2,true
hmmt_nov_2025,23,GPT-5-mini (high),openai/gpt-5-mini,3,true
hmmt_nov_2025,22,GPT-5-mini (high),openai/gpt-5-mini,0,true
hmmt_nov_2025,22,GPT-5-mini (high),openai/gpt-5-mini,1,true
hmmt_nov_2025,22,GPT-5-mini (high),openai/gpt-5-mini,2,false
hmmt_nov_2025,22,GPT-5-mini (high),openai/gpt-5-mini,3,true
hmmt_nov_2025,17,GPT-5-mini (high),openai/gpt-5-mini,0,true
hmmt_nov_2025,17,GPT-5-mini (high),openai/gpt-5-mini,1,true
hmmt_nov_2025,17,GPT-5-mini (high),openai/gpt-5-mini,2,true
hmmt_nov_2025,17,GPT-5-mini (high),openai/gpt-5-mini,3,true
hmmt_nov_2025,3,GPT-5-mini (high),openai/gpt-5-mini,0,true
hmmt_nov_2025,3,GPT-5-mini (high),openai/gpt-5-mini,1,true
hmmt_nov_2025,3,GPT-5-mini (high),openai/gpt-5-mini,2,true
hmmt_nov_2025,3,GPT-5-mini (high),openai/gpt-5-mini,3,true
hmmt_nov_2025,20,GPT-5-mini (high),openai/gpt-5-mini,0,true
hmmt_nov_2025,20,GPT-5-mini (high),openai/gpt-5-mini,1,true
hmmt_nov_2025,20,GPT-5-mini (high),openai/gpt-5-mini,2,true
hmmt_nov_2025,20,GPT-5-mini (high),openai/gpt-5-mini,3,true
hmmt_nov_2025,9,GPT-5-mini (high),openai/gpt-5-mini,0,true
hmmt_nov_2025,9,GPT-5-mini (high),openai/gpt-5-mini,1,true
hmmt_nov_2025,9,GPT-5-mini (high),openai/gpt-5-mini,2,true
hmmt_nov_2025,9,GPT-5-mini (high),openai/gpt-5-mini,3,true
hmmt_nov_2025,29,GPT-5-mini (high),openai/gpt-5-mini,0,true
hmmt_nov_2025,29,GPT-5-mini (high),openai/gpt-5-mini,1,true
hmmt_nov_2025,29,GPT-5-mini (high),openai/gpt-5-mini,2,true
hmmt_nov_2025,29,GPT-5-mini (high),openai/gpt-5-mini,3,true
hmmt_nov_2025,19,GPT-5-mini (high),openai/gpt-5-mini,0,true
hmmt_nov_2025,19,GPT-5-mini (high),openai/gpt-5-mini,1,true
hmmt_nov_2025,19,GPT-5-mini (high),openai/gpt-5-mini,2,true
hmmt_nov_2025,19,GPT-5-mini (high),openai/gpt-5-mini,3,false
hmmt_nov_2025,6,GPT-5-mini (high),openai/gpt-5-mini,0,true
hmmt_nov_2025,6,GPT-5-mini (high),openai/gpt-5-mini,1,true
hmmt_nov_2025,6,GPT-5-mini (high),openai/gpt-5-mini,2,true
hmmt_nov_2025,6,GPT-5-mini (high),openai/gpt-5-mini,3,true
hmmt_nov_2025,5,GPT-5-mini (high),openai/gpt-5-mini,0,true
hmmt_nov_2025,5,GPT-5-mini (high),openai/gpt-5-mini,1,true
hmmt_nov_2025,5,GPT-5-mini (high),openai/gpt-5-mini,2,true
hmmt_nov_2025,5,GPT-5-mini (high),openai/gpt-5-mini,3,true
hmmt_nov_2025,2,GPT-5.1 (high),openai/gpt-51,0,true
hmmt_nov_2025,2,GPT-5.1 (high),openai/gpt-51,1,true
hmmt_nov_2025,2,GPT-5.1 (high),openai/gpt-51,2,true
hmmt_nov_2025,2,GPT-5.1 (high),openai/gpt-51,3,true
hmmt_nov_2025,15,GPT-5.1 (high),openai/gpt-51,0,true
hmmt_nov_2025,15,GPT-5.1 (high),openai/gpt-51,1,true
hmmt_nov_2025,15,GPT-5.1 (high),openai/gpt-51,2,true
hmmt_nov_2025,15,GPT-5.1 (high),openai/gpt-51,3,true
hmmt_nov_2025,13,GPT-5.1 (high),openai/gpt-51,0,true
hmmt_nov_2025,13,GPT-5.1 (high),openai/gpt-51,1,true
hmmt_nov_2025,13,GPT-5.1 (high),openai/gpt-51,2,true
hmmt_nov_2025,13,GPT-5.1 (high),openai/gpt-51,3,true
hmmt_nov_2025,11,GPT-5.1 (high),openai/gpt-51,0,true
hmmt_nov_2025,11,GPT-5.1 (high),openai/gpt-51,1,true
hmmt_nov_2025,11,GPT-5.1 (high),openai/gpt-51,2,true
hmmt_nov_2025,11,GPT-5.1 (high),openai/gpt-51,3,true
hmmt_nov_2025,21,GPT-5.1 (high),openai/gpt-51,0,true
hmmt_nov_2025,21,GPT-5.1 (high),openai/gpt-51,1,true
hmmt_nov_2025,21,GPT-5.1 (high),openai/gpt-51,2,true
hmmt_nov_2025,21,GPT-5.1 (high),openai/gpt-51,3,true
hmmt_nov_2025,27,GPT-5.1 (high),openai/gpt-51,0,true
hmmt_nov_2025,27,GPT-5.1 (high),openai/gpt-51,1,true
hmmt_nov_2025,27,GPT-5.1 (high),openai/gpt-51,2,true
hmmt_nov_2025,27,GPT-5.1 (high),openai/gpt-51,3,true
hmmt_nov_2025,7,GPT-5.1 (high),openai/gpt-51,0,false
hmmt_nov_2025,7,GPT-5.1 (high),openai/gpt-51,1,true
hmmt_nov_2025,7,GPT-5.1 (high),openai/gpt-51,2,true
hmmt_nov_2025,7,GPT-5.1 (high),openai/gpt-51,3,true
hmmt_nov_2025,28,GPT-5.1 (high),openai/gpt-51,0,false
hmmt_nov_2025,28,GPT-5.1 (high),openai/gpt-51,1,false
hmmt_nov_2025,28,GPT-5.1 (high),openai/gpt-51,2,false
hmmt_nov_2025,28,GPT-5.1 (high),openai/gpt-51,3,false
hmmt_nov_2025,25,GPT-5.1 (high),openai/gpt-51,0,true
hmmt_nov_2025,25,GPT-5.1 (high),openai/gpt-51,1,true
hmmt_nov_2025,25,GPT-5.1 (high),openai/gpt-51,2,true
hmmt_nov_2025,25,GPT-5.1 (high),openai/gpt-51,3,true
hmmt_nov_2025,10,GPT-5.1 (high),openai/gpt-51,0,false
hmmt_nov_2025,10,GPT-5.1 (high),openai/gpt-51,1,false
hmmt_nov_2025,10,GPT-5.1 (high),openai/gpt-51,2,true
hmmt_nov_2025,10,GPT-5.1 (high),openai/gpt-51,3,true
hmmt_nov_2025,1,GPT-5.1 (high),openai/gpt-51,0,true
hmmt_nov_2025,1,GPT-5.1 (high),openai/gpt-51,1,true
hmmt_nov_2025,1,GPT-5.1 (high),openai/gpt-51,2,true
hmmt_nov_2025,1,GPT-5.1 (high),openai/gpt-51,3,true
hmmt_nov_2025,14,GPT-5.1 (high),openai/gpt-51,0,true
hmmt_nov_2025,14,GPT-5.1 (high),openai/gpt-51,1,true
hmmt_nov_2025,14,GPT-5.1 (high),openai/gpt-51,2,true
hmmt_nov_2025,14,GPT-5.1 (high),openai/gpt-51,3,true
hmmt_nov_2025,30,GPT-5.1 (high),openai/gpt-51,0,true
hmmt_nov_2025,30,GPT-5.1 (high),openai/gpt-51,1,true
hmmt_nov_2025,30,GPT-5.1 (high),openai/gpt-51,2,false
hmmt_nov_2025,30,GPT-5.1 (high),openai/gpt-51,3,false
hmmt_nov_2025,12,GPT-5.1 (high),openai/gpt-51,0,true
hmmt_nov_2025,12,GPT-5.1 (high),openai/gpt-51,1,true
hmmt_nov_2025,12,GPT-5.1 (high),openai/gpt-51,2,true
hmmt_nov_2025,12,GPT-5.1 (high),openai/gpt-51,3,true
hmmt_nov_2025,26,GPT-5.1 (high),openai/gpt-51,0,true
hmmt_nov_2025,26,GPT-5.1 (high),openai/gpt-51,1,true
hmmt_nov_2025,26,GPT-5.1 (high),openai/gpt-51,2,true
hmmt_nov_2025,26,GPT-5.1 (high),openai/gpt-51,3,true
hmmt_nov_2025,24,GPT-5.1 (high),openai/gpt-51,0,true
hmmt_nov_2025,24,GPT-5.1 (high),openai/gpt-51,1,true
hmmt_nov_2025,24,GPT-5.1 (high),openai/gpt-51,2,true
hmmt_nov_2025,24,GPT-5.1 (high),openai/gpt-51,3,true
hmmt_nov_2025,8,GPT-5.1 (high),openai/gpt-51,0,true
hmmt_nov_2025,8,GPT-5.1 (high),openai/gpt-51,1,true
hmmt_nov_2025,8,GPT-5.1 (high),openai/gpt-51,2,true
hmmt_nov_2025,8,GPT-5.1 (high),openai/gpt-51,3,true
hmmt_nov_2025,16,GPT-5.1 (high),openai/gpt-51,0,true
hmmt_nov_2025,16,GPT-5.1 (high),openai/gpt-51,1,false
hmmt_nov_2025,16,GPT-5.1 (high),openai/gpt-51,2,true
hmmt_nov_2025,16,GPT-5.1 (high),openai/gpt-51,3,true
hmmt_nov_2025,4,GPT-5.1 (high),openai/gpt-51,0,true
hmmt_nov_2025,4,GPT-5.1 (high),openai/gpt-51,1,true
hmmt_nov_2025,4,GPT-5.1 (high),openai/gpt-51,2,true
hmmt_nov_2025,4,GPT-5.1 (high),openai/gpt-51,3,true
hmmt_nov_2025,18,GPT-5.1 (high),openai/gpt-51,0,true
hmmt_nov_2025,18,GPT-5.1 (high),openai/gpt-51,1,true
hmmt_nov_2025,18,GPT-5.1 (high),openai/gpt-51,2,true
hmmt_nov_2025,18,GPT-5.1 (high),openai/gpt-51,3,true
hmmt_nov_2025,23,GPT-5.1 (high),openai/gpt-51,0,true
hmmt_nov_2025,23,GPT-5.1 (high),openai/gpt-51,1,true
hmmt_nov_2025,23,GPT-5.1 (high),openai/gpt-51,2,true
hmmt_nov_2025,23,GPT-5.1 (high),openai/gpt-51,3,true
hmmt_nov_2025,22,GPT-5.1 (high),openai/gpt-51,0,true
hmmt_nov_2025,22,GPT-5.1 (high),openai/gpt-51,1,true
hmmt_nov_2025,22,GPT-5.1 (high),openai/gpt-51,2,true
hmmt_nov_2025,22,GPT-5.1 (high),openai/gpt-51,3,true
hmmt_nov_2025,17,GPT-5.1 (high),openai/gpt-51,0,true
hmmt_nov_2025,17,GPT-5.1 (high),openai/gpt-51,1,true
hmmt_nov_2025,17,GPT-5.1 (high),openai/gpt-51,2,true
hmmt_nov_2025,17,GPT-5.1 (high),openai/gpt-51,3,true
hmmt_nov_2025,3,GPT-5.1 (high),openai/gpt-51,0,true
hmmt_nov_2025,3,GPT-5.1 (high),openai/gpt-51,1,true
hmmt_nov_2025,3,GPT-5.1 (high),openai/gpt-51,2,true
hmmt_nov_2025,3,GPT-5.1 (high),openai/gpt-51,3,true
hmmt_nov_2025,20,GPT-5.1 (high),openai/gpt-51,0,true
hmmt_nov_2025,20,GPT-5.1 (high),openai/gpt-51,1,true
hmmt_nov_2025,20,GPT-5.1 (high),openai/gpt-51,2,true
hmmt_nov_2025,20,GPT-5.1 (high),openai/gpt-51,3,true
hmmt_nov_2025,9,GPT-5.1 (high),openai/gpt-51,0,true
hmmt_nov_2025,9,GPT-5.1 (high),openai/gpt-51,1,true
hmmt_nov_2025,9,GPT-5.1 (high),openai/gpt-51,2,true
hmmt_nov_2025,9,GPT-5.1 (high),openai/gpt-51,3,true
hmmt_nov_2025,29,GPT-5.1 (high),openai/gpt-51,0,true
hmmt_nov_2025,29,GPT-5.1 (high),openai/gpt-51,1,true
hmmt_nov_2025,29,GPT-5.1 (high),openai/gpt-51,2,true
hmmt_nov_2025,29,GPT-5.1 (high),openai/gpt-51,3,true
hmmt_nov_2025,19,GPT-5.1 (high),openai/gpt-51,0,true
hmmt_nov_2025,19,GPT-5.1 (high),openai/gpt-51,1,true
hmmt_nov_2025,19,GPT-5.1 (high),openai/gpt-51,2,true
hmmt_nov_2025,19,GPT-5.1 (high),openai/gpt-51,3,true
hmmt_nov_2025,6,GPT-5.1 (high),openai/gpt-51,0,true
hmmt_nov_2025,6,GPT-5.1 (high),openai/gpt-51,1,true
hmmt_nov_2025,6,GPT-5.1 (high),openai/gpt-51,2,true
hmmt_nov_2025,6,GPT-5.1 (high),openai/gpt-51,3,true
hmmt_nov_2025,5,GPT-5.1 (high),openai/gpt-51,0,true
hmmt_nov_2025,5,GPT-5.1 (high),openai/gpt-51,1,true
hmmt_nov_2025,5,GPT-5.1 (high),openai/gpt-51,2,true
hmmt_nov_2025,5,GPT-5.1 (high),openai/gpt-51,3,true
hmmt_nov_2025,2,GPT-5-nano (high),openai/gpt-5-nano,0,true
hmmt_nov_2025,2,GPT-5-nano (high),openai/gpt-5-nano,1,true
hmmt_nov_2025,2,GPT-5-nano (high),openai/gpt-5-nano,2,true
hmmt_nov_2025,2,GPT-5-nano (high),openai/gpt-5-nano,3,true
hmmt_nov_2025,15,GPT-5-nano (high),openai/gpt-5-nano,0,true
hmmt_nov_2025,15,GPT-5-nano (high),openai/gpt-5-nano,1,true
hmmt_nov_2025,15,GPT-5-nano (high),openai/gpt-5-nano,2,true
hmmt_nov_2025,15,GPT-5-nano (high),openai/gpt-5-nano,3,true
hmmt_nov_2025,13,GPT-5-nano (high),openai/gpt-5-nano,0,true
hmmt_nov_2025,13,GPT-5-nano (high),openai/gpt-5-nano,1,true
hmmt_nov_2025,13,GPT-5-nano (high),openai/gpt-5-nano,2,true
hmmt_nov_2025,13,GPT-5-nano (high),openai/gpt-5-nano,3,false
hmmt_nov_2025,11,GPT-5-nano (high),openai/gpt-5-nano,0,true
hmmt_nov_2025,11,GPT-5-nano (high),openai/gpt-5-nano,1,true
hmmt_nov_2025,11,GPT-5-nano (high),openai/gpt-5-nano,2,true
hmmt_nov_2025,11,GPT-5-nano (high),openai/gpt-5-nano,3,true
hmmt_nov_2025,21,GPT-5-nano (high),openai/gpt-5-nano,0,true
hmmt_nov_2025,21,GPT-5-nano (high),openai/gpt-5-nano,1,true
hmmt_nov_2025,21,GPT-5-nano (high),openai/gpt-5-nano,2,true
hmmt_nov_2025,21,GPT-5-nano (high),openai/gpt-5-nano,3,true
hmmt_nov_2025,27,GPT-5-nano (high),openai/gpt-5-nano,0,true
hmmt_nov_2025,27,GPT-5-nano (high),openai/gpt-5-nano,1,true
hmmt_nov_2025,27,GPT-5-nano (high),openai/gpt-5-nano,2,true
hmmt_nov_2025,27,GPT-5-nano (high),openai/gpt-5-nano,3,true
hmmt_nov_2025,7,GPT-5-nano (high),openai/gpt-5-nano,0,false
hmmt_nov_2025,7,GPT-5-nano (high),openai/gpt-5-nano,1,false
hmmt_nov_2025,7,GPT-5-nano (high),openai/gpt-5-nano,2,false
hmmt_nov_2025,7,GPT-5-nano (high),openai/gpt-5-nano,3,false
hmmt_nov_2025,28,GPT-5-nano (high),openai/gpt-5-nano,0,false
hmmt_nov_2025,28,GPT-5-nano (high),openai/gpt-5-nano,1,false
hmmt_nov_2025,28,GPT-5-nano (high),openai/gpt-5-nano,2,false
hmmt_nov_2025,28,GPT-5-nano (high),openai/gpt-5-nano,3,false
hmmt_nov_2025,25,GPT-5-nano (high),openai/gpt-5-nano,0,true
hmmt_nov_2025,25,GPT-5-nano (high),openai/gpt-5-nano,1,true
hmmt_nov_2025,25,GPT-5-nano (high),openai/gpt-5-nano,2,true
hmmt_nov_2025,25,GPT-5-nano (high),openai/gpt-5-nano,3,true
hmmt_nov_2025,10,GPT-5-nano (high),openai/gpt-5-nano,0,false
hmmt_nov_2025,10,GPT-5-nano (high),openai/gpt-5-nano,1,false
hmmt_nov_2025,10,GPT-5-nano (high),openai/gpt-5-nano,2,false
hmmt_nov_2025,10,GPT-5-nano (high),openai/gpt-5-nano,3,false
hmmt_nov_2025,1,GPT-5-nano (high),openai/gpt-5-nano,0,true
hmmt_nov_2025,1,GPT-5-nano (high),openai/gpt-5-nano,1,true
hmmt_nov_2025,1,GPT-5-nano (high),openai/gpt-5-nano,2,true
hmmt_nov_2025,1,GPT-5-nano (high),openai/gpt-5-nano,3,true
hmmt_nov_2025,14,GPT-5-nano (high),openai/gpt-5-nano,0,true
hmmt_nov_2025,14,GPT-5-nano (high),openai/gpt-5-nano,1,true
hmmt_nov_2025,14,GPT-5-nano (high),openai/gpt-5-nano,2,true
hmmt_nov_2025,14,GPT-5-nano (high),openai/gpt-5-nano,3,true
hmmt_nov_2025,30,GPT-5-nano (high),openai/gpt-5-nano,0,true
hmmt_nov_2025,30,GPT-5-nano (high),openai/gpt-5-nano,1,true
hmmt_nov_2025,30,GPT-5-nano (high),openai/gpt-5-nano,2,true
hmmt_nov_2025,30,GPT-5-nano (high),openai/gpt-5-nano,3,false
hmmt_nov_2025,12,GPT-5-nano (high),openai/gpt-5-nano,0,true
hmmt_nov_2025,12,GPT-5-nano (high),openai/gpt-5-nano,1,true
hmmt_nov_2025,12,GPT-5-nano (high),openai/gpt-5-nano,2,true
hmmt_nov_2025,12,GPT-5-nano (high),openai/gpt-5-nano,3,true
hmmt_nov_2025,26,GPT-5-nano (high),openai/gpt-5-nano,0,true
hmmt_nov_2025,26,GPT-5-nano (high),openai/gpt-5-nano,1,true
hmmt_nov_2025,26,GPT-5-nano (high),openai/gpt-5-nano,2,true
hmmt_nov_2025,26,GPT-5-nano (high),openai/gpt-5-nano,3,true
hmmt_nov_2025,24,GPT-5-nano (high),openai/gpt-5-nano,0,true
hmmt_nov_2025,24,GPT-5-nano (high),openai/gpt-5-nano,1,true
hmmt_nov_2025,24,GPT-5-nano (high),openai/gpt-5-nano,2,true
hmmt_nov_2025,24,GPT-5-nano (high),openai/gpt-5-nano,3,true
hmmt_nov_2025,8,GPT-5-nano (high),openai/gpt-5-nano,0,true
hmmt_nov_2025,8,GPT-5-nano (high),openai/gpt-5-nano,1,false
hmmt_nov_2025,8,GPT-5-nano (high),openai/gpt-5-nano,2,true
hmmt_nov_2025,8,GPT-5-nano (high),openai/gpt-5-nano,3,true
hmmt_nov_2025,16,GPT-5-nano (high),openai/gpt-5-nano,0,true
hmmt_nov_2025,16,GPT-5-nano (high),openai/gpt-5-nano,1,false
hmmt_nov_2025,16,GPT-5-nano (high),openai/gpt-5-nano,2,false
hmmt_nov_2025,16,GPT-5-nano (high),openai/gpt-5-nano,3,false
hmmt_nov_2025,4,GPT-5-nano (high),openai/gpt-5-nano,0,true
hmmt_nov_2025,4,GPT-5-nano (high),openai/gpt-5-nano,1,true
hmmt_nov_2025,4,GPT-5-nano (high),openai/gpt-5-nano,2,true
hmmt_nov_2025,4,GPT-5-nano (high),openai/gpt-5-nano,3,true
hmmt_nov_2025,18,GPT-5-nano (high),openai/gpt-5-nano,0,true
hmmt_nov_2025,18,GPT-5-nano (high),openai/gpt-5-nano,1,true
hmmt_nov_2025,18,GPT-5-nano (high),openai/gpt-5-nano,2,true
hmmt_nov_2025,18,GPT-5-nano (high),openai/gpt-5-nano,3,true
hmmt_nov_2025,23,GPT-5-nano (high),openai/gpt-5-nano,0,true
hmmt_nov_2025,23,GPT-5-nano (high),openai/gpt-5-nano,1,true
hmmt_nov_2025,23,GPT-5-nano (high),openai/gpt-5-nano,2,true
hmmt_nov_2025,23,GPT-5-nano (high),openai/gpt-5-nano,3,true
hmmt_nov_2025,22,GPT-5-nano (high),openai/gpt-5-nano,0,true
hmmt_nov_2025,22,GPT-5-nano (high),openai/gpt-5-nano,1,true
hmmt_nov_2025,22,GPT-5-nano (high),openai/gpt-5-nano,2,true
hmmt_nov_2025,22,GPT-5-nano (high),openai/gpt-5-nano,3,true
hmmt_nov_2025,17,GPT-5-nano (high),openai/gpt-5-nano,0,false
hmmt_nov_2025,17,GPT-5-nano (high),openai/gpt-5-nano,1,true
hmmt_nov_2025,17,GPT-5-nano (high),openai/gpt-5-nano,2,true
hmmt_nov_2025,17,GPT-5-nano (high),openai/gpt-5-nano,3,true
hmmt_nov_2025,3,GPT-5-nano (high),openai/gpt-5-nano,0,true
hmmt_nov_2025,3,GPT-5-nano (high),openai/gpt-5-nano,1,true
hmmt_nov_2025,3,GPT-5-nano (high),openai/gpt-5-nano,2,true
hmmt_nov_2025,3,GPT-5-nano (high),openai/gpt-5-nano,3,true
hmmt_nov_2025,20,GPT-5-nano (high),openai/gpt-5-nano,0,true
hmmt_nov_2025,20,GPT-5-nano (high),openai/gpt-5-nano,1,true
hmmt_nov_2025,20,GPT-5-nano (high),openai/gpt-5-nano,2,true
hmmt_nov_2025,20,GPT-5-nano (high),openai/gpt-5-nano,3,true
hmmt_nov_2025,9,GPT-5-nano (high),openai/gpt-5-nano,0,true
hmmt_nov_2025,9,GPT-5-nano (high),openai/gpt-5-nano,1,true
hmmt_nov_2025,9,GPT-5-nano (high),openai/gpt-5-nano,2,true
hmmt_nov_2025,9,GPT-5-nano (high),openai/gpt-5-nano,3,true
hmmt_nov_2025,29,GPT-5-nano (high),openai/gpt-5-nano,0,true
hmmt_nov_2025,29,GPT-5-nano (high),openai/gpt-5-nano,1,true
hmmt_nov_2025,29,GPT-5-nano (high),openai/gpt-5-nano,2,true
hmmt_nov_2025,29,GPT-5-nano (high),openai/gpt-5-nano,3,true
hmmt_nov_2025,19,GPT-5-nano (high),openai/gpt-5-nano,0,false
hmmt_nov_2025,19,GPT-5-nano (high),openai/gpt-5-nano,1,false
hmmt_nov_2025,19,GPT-5-nano (high),openai/gpt-5-nano,2,false
hmmt_nov_2025,19,GPT-5-nano (high),openai/gpt-5-nano,3,true
hmmt_nov_2025,6,GPT-5-nano (high),openai/gpt-5-nano,0,true
hmmt_nov_2025,6,GPT-5-nano (high),openai/gpt-5-nano,1,true
hmmt_nov_2025,6,GPT-5-nano (high),openai/gpt-5-nano,2,true
hmmt_nov_2025,6,GPT-5-nano (high),openai/gpt-5-nano,3,true
hmmt_nov_2025,5,GPT-5-nano (high),openai/gpt-5-nano,0,true
hmmt_nov_2025,5,GPT-5-nano (high),openai/gpt-5-nano,1,true
hmmt_nov_2025,5,GPT-5-nano (high),openai/gpt-5-nano,2,true
hmmt_nov_2025,5,GPT-5-nano (high),openai/gpt-5-nano,3,true
hmmt_nov_2025,2,GLM 4.6,glm/glm-46,0,true
hmmt_nov_2025,2,GLM 4.6,glm/glm-46,1,true
hmmt_nov_2025,2,GLM 4.6,glm/glm-46,2,true
hmmt_nov_2025,2,GLM 4.6,glm/glm-46,3,true
hmmt_nov_2025,15,GLM 4.6,glm/glm-46,0,true
hmmt_nov_2025,15,GLM 4.6,glm/glm-46,1,true
hmmt_nov_2025,15,GLM 4.6,glm/glm-46,2,true
hmmt_nov_2025,15,GLM 4.6,glm/glm-46,3,true
hmmt_nov_2025,13,GLM 4.6,glm/glm-46,0,true
hmmt_nov_2025,13,GLM 4.6,glm/glm-46,1,true
hmmt_nov_2025,13,GLM 4.6,glm/glm-46,2,true
hmmt_nov_2025,13,GLM 4.6,glm/glm-46,3,true
hmmt_nov_2025,11,GLM 4.6,glm/glm-46,0,true
hmmt_nov_2025,11,GLM 4.6,glm/glm-46,1,true
hmmt_nov_2025,11,GLM 4.6,glm/glm-46,2,true
hmmt_nov_2025,11,GLM 4.6,glm/glm-46,3,true
hmmt_nov_2025,21,GLM 4.6,glm/glm-46,0,true
hmmt_nov_2025,21,GLM 4.6,glm/glm-46,1,true
hmmt_nov_2025,21,GLM 4.6,glm/glm-46,2,true
hmmt_nov_2025,21,GLM 4.6,glm/glm-46,3,true
hmmt_nov_2025,27,GLM 4.6,glm/glm-46,0,true
hmmt_nov_2025,27,GLM 4.6,glm/glm-46,1,true
hmmt_nov_2025,27,GLM 4.6,glm/glm-46,2,true
hmmt_nov_2025,27,GLM 4.6,glm/glm-46,3,true
hmmt_nov_2025,7,GLM 4.6,glm/glm-46,0,true
hmmt_nov_2025,7,GLM 4.6,glm/glm-46,1,true
hmmt_nov_2025,7,GLM 4.6,glm/glm-46,2,true
hmmt_nov_2025,7,GLM 4.6,glm/glm-46,3,true
hmmt_nov_2025,28,GLM 4.6,glm/glm-46,0,false
hmmt_nov_2025,28,GLM 4.6,glm/glm-46,1,false
hmmt_nov_2025,28,GLM 4.6,glm/glm-46,2,false
hmmt_nov_2025,28,GLM 4.6,glm/glm-46,3,false
hmmt_nov_2025,25,GLM 4.6,glm/glm-46,0,true
hmmt_nov_2025,25,GLM 4.6,glm/glm-46,1,true
hmmt_nov_2025,25,GLM 4.6,glm/glm-46,2,true
hmmt_nov_2025,25,GLM 4.6,glm/glm-46,3,true
hmmt_nov_2025,10,GLM 4.6,glm/glm-46,0,false
hmmt_nov_2025,10,GLM 4.6,glm/glm-46,1,false
hmmt_nov_2025,10,GLM 4.6,glm/glm-46,2,false
hmmt_nov_2025,10,GLM 4.6,glm/glm-46,3,false
hmmt_nov_2025,1,GLM 4.6,glm/glm-46,0,true
hmmt_nov_2025,1,GLM 4.6,glm/glm-46,1,true
hmmt_nov_2025,1,GLM 4.6,glm/glm-46,2,true
hmmt_nov_2025,1,GLM 4.6,glm/glm-46,3,true
hmmt_nov_2025,14,GLM 4.6,glm/glm-46,0,true
hmmt_nov_2025,14,GLM 4.6,glm/glm-46,1,true
hmmt_nov_2025,14,GLM 4.6,glm/glm-46,2,true
hmmt_nov_2025,14,GLM 4.6,glm/glm-46,3,true
hmmt_nov_2025,30,GLM 4.6,glm/glm-46,0,true
hmmt_nov_2025,30,GLM 4.6,glm/glm-46,1,true
hmmt_nov_2025,30,GLM 4.6,glm/glm-46,2,true
hmmt_nov_2025,30,GLM 4.6,glm/glm-46,3,true
hmmt_nov_2025,12,GLM 4.6,glm/glm-46,0,true
hmmt_nov_2025,12,GLM 4.6,glm/glm-46,1,true
hmmt_nov_2025,12,GLM 4.6,glm/glm-46,2,true
hmmt_nov_2025,12,GLM 4.6,glm/glm-46,3,true
hmmt_nov_2025,26,GLM 4.6,glm/glm-46,0,true
hmmt_nov_2025,26,GLM 4.6,glm/glm-46,1,true
hmmt_nov_2025,26,GLM 4.6,glm/glm-46,2,true
hmmt_nov_2025,26,GLM 4.6,glm/glm-46,3,true
hmmt_nov_2025,24,GLM 4.6,glm/glm-46,0,true
hmmt_nov_2025,24,GLM 4.6,glm/glm-46,1,true
hmmt_nov_2025,24,GLM 4.6,glm/glm-46,2,true
hmmt_nov_2025,24,GLM 4.6,glm/glm-46,3,true
hmmt_nov_2025,8,GLM 4.6,glm/glm-46,0,true
hmmt_nov_2025,8,GLM 4.6,glm/glm-46,1,true
hmmt_nov_2025,8,GLM 4.6,glm/glm-46,2,true
hmmt_nov_2025,8,GLM 4.6,glm/glm-46,3,true
hmmt_nov_2025,16,GLM 4.6,glm/glm-46,0,true
hmmt_nov_2025,16,GLM 4.6,glm/glm-46,1,true
hmmt_nov_2025,16,GLM 4.6,glm/glm-46,2,true
hmmt_nov_2025,16,GLM 4.6,glm/glm-46,3,true
hmmt_nov_2025,4,GLM 4.6,glm/glm-46,0,true
hmmt_nov_2025,4,GLM 4.6,glm/glm-46,1,true
hmmt_nov_2025,4,GLM 4.6,glm/glm-46,2,true
hmmt_nov_2025,4,GLM 4.6,glm/glm-46,3,true
hmmt_nov_2025,18,GLM 4.6,glm/glm-46,0,true
hmmt_nov_2025,18,GLM 4.6,glm/glm-46,1,true
hmmt_nov_2025,18,GLM 4.6,glm/glm-46,2,true
hmmt_nov_2025,18,GLM 4.6,glm/glm-46,3,true
hmmt_nov_2025,23,GLM 4.6,glm/glm-46,0,true
hmmt_nov_2025,23,GLM 4.6,glm/glm-46,1,true
hmmt_nov_2025,23,GLM 4.6,glm/glm-46,2,true
hmmt_nov_2025,23,GLM 4.6,glm/glm-46,3,true
hmmt_nov_2025,22,GLM 4.6,glm/glm-46,0,true
hmmt_nov_2025,22,GLM 4.6,glm/glm-46,1,false
hmmt_nov_2025,22,GLM 4.6,glm/glm-46,2,true
hmmt_nov_2025,22,GLM 4.6,glm/glm-46,3,true
hmmt_nov_2025,17,GLM 4.6,glm/glm-46,0,true
hmmt_nov_2025,17,GLM 4.6,glm/glm-46,1,true
hmmt_nov_2025,17,GLM 4.6,glm/glm-46,2,true
hmmt_nov_2025,17,GLM 4.6,glm/glm-46,3,true
hmmt_nov_2025,3,GLM 4.6,glm/glm-46,0,true
hmmt_nov_2025,3,GLM 4.6,glm/glm-46,1,true
hmmt_nov_2025,3,GLM 4.6,glm/glm-46,2,true
hmmt_nov_2025,3,GLM 4.6,glm/glm-46,3,true
hmmt_nov_2025,20,GLM 4.6,glm/glm-46,0,true
hmmt_nov_2025,20,GLM 4.6,glm/glm-46,1,true
hmmt_nov_2025,20,GLM 4.6,glm/glm-46,2,true
hmmt_nov_2025,20,GLM 4.6,glm/glm-46,3,true
hmmt_nov_2025,9,GLM 4.6,glm/glm-46,0,true
hmmt_nov_2025,9,GLM 4.6,glm/glm-46,1,true
hmmt_nov_2025,9,GLM 4.6,glm/glm-46,2,true
hmmt_nov_2025,9,GLM 4.6,glm/glm-46,3,true
hmmt_nov_2025,29,GLM 4.6,glm/glm-46,0,true
hmmt_nov_2025,29,GLM 4.6,glm/glm-46,1,true
hmmt_nov_2025,29,GLM 4.6,glm/glm-46,2,true
hmmt_nov_2025,29,GLM 4.6,glm/glm-46,3,true
hmmt_nov_2025,19,GLM 4.6,glm/glm-46,0,true
hmmt_nov_2025,19,GLM 4.6,glm/glm-46,1,false
hmmt_nov_2025,19,GLM 4.6,glm/glm-46,2,true
hmmt_nov_2025,19,GLM 4.6,glm/glm-46,3,true
hmmt_nov_2025,6,GLM 4.6,glm/glm-46,0,true
hmmt_nov_2025,6,GLM 4.6,glm/glm-46,1,true
hmmt_nov_2025,6,GLM 4.6,glm/glm-46,2,true
hmmt_nov_2025,6,GLM 4.6,glm/glm-46,3,true
hmmt_nov_2025,5,GLM 4.6,glm/glm-46,0,true
hmmt_nov_2025,5,GLM 4.6,glm/glm-46,1,true
hmmt_nov_2025,5,GLM 4.6,glm/glm-46,2,true
hmmt_nov_2025,5,GLM 4.6,glm/glm-46,3,true
hmmt_nov_2025,2,GLM 5,glm/glm-5,0,true
hmmt_nov_2025,2,GLM 5,glm/glm-5,1,true
hmmt_nov_2025,2,GLM 5,glm/glm-5,2,true
hmmt_nov_2025,2,GLM 5,glm/glm-5,3,true
hmmt_nov_2025,15,GLM 5,glm/glm-5,0,true
hmmt_nov_2025,15,GLM 5,glm/glm-5,1,true
hmmt_nov_2025,15,GLM 5,glm/glm-5,2,true
hmmt_nov_2025,15,GLM 5,glm/glm-5,3,true
hmmt_nov_2025,13,GLM 5,glm/glm-5,0,true
hmmt_nov_2025,13,GLM 5,glm/glm-5,1,true
hmmt_nov_2025,13,GLM 5,glm/glm-5,2,true
hmmt_nov_2025,13,GLM 5,glm/glm-5,3,true
hmmt_nov_2025,11,GLM 5,glm/glm-5,0,true
hmmt_nov_2025,11,GLM 5,glm/glm-5,1,true
hmmt_nov_2025,11,GLM 5,glm/glm-5,2,true
hmmt_nov_2025,11,GLM 5,glm/glm-5,3,true
hmmt_nov_2025,21,GLM 5,glm/glm-5,0,true
hmmt_nov_2025,21,GLM 5,glm/glm-5,1,true
hmmt_nov_2025,21,GLM 5,glm/glm-5,2,true
hmmt_nov_2025,21,GLM 5,glm/glm-5,3,true
hmmt_nov_2025,27,GLM 5,glm/glm-5,0,true
hmmt_nov_2025,27,GLM 5,glm/glm-5,1,true
hmmt_nov_2025,27,GLM 5,glm/glm-5,2,true
hmmt_nov_2025,27,GLM 5,glm/glm-5,3,true
hmmt_nov_2025,7,GLM 5,glm/glm-5,0,true
hmmt_nov_2025,7,GLM 5,glm/glm-5,1,true
hmmt_nov_2025,7,GLM 5,glm/glm-5,2,true
hmmt_nov_2025,7,GLM 5,glm/glm-5,3,true
hmmt_nov_2025,28,GLM 5,glm/glm-5,0,false
hmmt_nov_2025,28,GLM 5,glm/glm-5,1,false
hmmt_nov_2025,28,GLM 5,glm/glm-5,2,true
hmmt_nov_2025,28,GLM 5,glm/glm-5,3,false
hmmt_nov_2025,25,GLM 5,glm/glm-5,0,true
hmmt_nov_2025,25,GLM 5,glm/glm-5,1,true
hmmt_nov_2025,25,GLM 5,glm/glm-5,2,true
hmmt_nov_2025,25,GLM 5,glm/glm-5,3,true
hmmt_nov_2025,10,GLM 5,glm/glm-5,0,false
hmmt_nov_2025,10,GLM 5,glm/glm-5,1,true
hmmt_nov_2025,10,GLM 5,glm/glm-5,2,true
hmmt_nov_2025,10,GLM 5,glm/glm-5,3,true
hmmt_nov_2025,1,GLM 5,glm/glm-5,0,true
hmmt_nov_2025,1,GLM 5,glm/glm-5,1,true
hmmt_nov_2025,1,GLM 5,glm/glm-5,2,true
hmmt_nov_2025,1,GLM 5,glm/glm-5,3,true
hmmt_nov_2025,14,GLM 5,glm/glm-5,0,true
hmmt_nov_2025,14,GLM 5,glm/glm-5,1,true
hmmt_nov_2025,14,GLM 5,glm/glm-5,2,true
hmmt_nov_2025,14,GLM 5,glm/glm-5,3,true
hmmt_nov_2025,30,GLM 5,glm/glm-5,0,true
hmmt_nov_2025,30,GLM 5,glm/glm-5,1,true
hmmt_nov_2025,30,GLM 5,glm/glm-5,2,true
hmmt_nov_2025,30,GLM 5,glm/glm-5,3,true
hmmt_nov_2025,12,GLM 5,glm/glm-5,0,true
hmmt_nov_2025,12,GLM 5,glm/glm-5,1,true
hmmt_nov_2025,12,GLM 5,glm/glm-5,2,true
hmmt_nov_2025,12,GLM 5,glm/glm-5,3,true
hmmt_nov_2025,26,GLM 5,glm/glm-5,0,true
hmmt_nov_2025,26,GLM 5,glm/glm-5,1,true
hmmt_nov_2025,26,GLM 5,glm/glm-5,2,false
hmmt_nov_2025,26,GLM 5,glm/glm-5,3,true
hmmt_nov_2025,24,GLM 5,glm/glm-5,0,true
hmmt_nov_2025,24,GLM 5,glm/glm-5,1,true
hmmt_nov_2025,24,GLM 5,glm/glm-5,2,true
hmmt_nov_2025,24,GLM 5,glm/glm-5,3,true
hmmt_nov_2025,8,GLM 5,glm/glm-5,0,true
hmmt_nov_2025,8,GLM 5,glm/glm-5,1,true
hmmt_nov_2025,8,GLM 5,glm/glm-5,2,true
hmmt_nov_2025,8,GLM 5,glm/glm-5,3,true
hmmt_nov_2025,16,GLM 5,glm/glm-5,0,false
hmmt_nov_2025,16,GLM 5,glm/glm-5,1,true
hmmt_nov_2025,16,GLM 5,glm/glm-5,2,true
hmmt_nov_2025,16,GLM 5,glm/glm-5,3,true
hmmt_nov_2025,4,GLM 5,glm/glm-5,0,true
hmmt_nov_2025,4,GLM 5,glm/glm-5,1,true
hmmt_nov_2025,4,GLM 5,glm/glm-5,2,true
hmmt_nov_2025,4,GLM 5,glm/glm-5,3,true
hmmt_nov_2025,18,GLM 5,glm/glm-5,0,true
hmmt_nov_2025,18,GLM 5,glm/glm-5,1,true
hmmt_nov_2025,18,GLM 5,glm/glm-5,2,true
hmmt_nov_2025,18,GLM 5,glm/glm-5,3,true
hmmt_nov_2025,23,GLM 5,glm/glm-5,0,true
hmmt_nov_2025,23,GLM 5,glm/glm-5,1,true
hmmt_nov_2025,23,GLM 5,glm/glm-5,2,true
hmmt_nov_2025,23,GLM 5,glm/glm-5,3,true
hmmt_nov_2025,22,GLM 5,glm/glm-5,0,true
hmmt_nov_2025,22,GLM 5,glm/glm-5,1,false
hmmt_nov_2025,22,GLM 5,glm/glm-5,2,true
hmmt_nov_2025,22,GLM 5,glm/glm-5,3,true
hmmt_nov_2025,17,GLM 5,glm/glm-5,0,true
hmmt_nov_2025,17,GLM 5,glm/glm-5,1,true
hmmt_nov_2025,17,GLM 5,glm/glm-5,2,true
hmmt_nov_2025,17,GLM 5,glm/glm-5,3,true
hmmt_nov_2025,3,GLM 5,glm/glm-5,0,true
hmmt_nov_2025,3,GLM 5,glm/glm-5,1,true
hmmt_nov_2025,3,GLM 5,glm/glm-5,2,true
hmmt_nov_2025,3,GLM 5,glm/glm-5,3,true
hmmt_nov_2025,20,GLM 5,glm/glm-5,0,true
hmmt_nov_2025,20,GLM 5,glm/glm-5,1,true
hmmt_nov_2025,20,GLM 5,glm/glm-5,2,true
hmmt_nov_2025,20,GLM 5,glm/glm-5,3,true
hmmt_nov_2025,9,GLM 5,glm/glm-5,0,true
hmmt_nov_2025,9,GLM 5,glm/glm-5,1,true
hmmt_nov_2025,9,GLM 5,glm/glm-5,2,true
hmmt_nov_2025,9,GLM 5,glm/glm-5,3,true
hmmt_nov_2025,29,GLM 5,glm/glm-5,0,true
hmmt_nov_2025,29,GLM 5,glm/glm-5,1,true
hmmt_nov_2025,29,GLM 5,glm/glm-5,2,true
hmmt_nov_2025,29,GLM 5,glm/glm-5,3,true
hmmt_nov_2025,19,GLM 5,glm/glm-5,0,true
hmmt_nov_2025,19,GLM 5,glm/glm-5,1,true
hmmt_nov_2025,19,GLM 5,glm/glm-5,2,true
hmmt_nov_2025,19,GLM 5,glm/glm-5,3,true
hmmt_nov_2025,6,GLM 5,glm/glm-5,0,true
hmmt_nov_2025,6,GLM 5,glm/glm-5,1,true
hmmt_nov_2025,6,GLM 5,glm/glm-5,2,true
hmmt_nov_2025,6,GLM 5,glm/glm-5,3,true
hmmt_nov_2025,5,GLM 5,glm/glm-5,0,true
hmmt_nov_2025,5,GLM 5,glm/glm-5,1,true
hmmt_nov_2025,5,GLM 5,glm/glm-5,2,true
hmmt_nov_2025,5,GLM 5,glm/glm-5,3,true
hmmt_nov_2025,2,QED-Nano,other/qed-nano,0,true
hmmt_nov_2025,2,QED-Nano,other/qed-nano,1,true
hmmt_nov_2025,2,QED-Nano,other/qed-nano,2,true
hmmt_nov_2025,2,QED-Nano,other/qed-nano,3,true
hmmt_nov_2025,15,QED-Nano,other/qed-nano,0,true
hmmt_nov_2025,15,QED-Nano,other/qed-nano,1,true
hmmt_nov_2025,15,QED-Nano,other/qed-nano,2,false
hmmt_nov_2025,15,QED-Nano,other/qed-nano,3,false
hmmt_nov_2025,13,QED-Nano,other/qed-nano,0,true
hmmt_nov_2025,13,QED-Nano,other/qed-nano,1,true
hmmt_nov_2025,13,QED-Nano,other/qed-nano,2,true
hmmt_nov_2025,13,QED-Nano,other/qed-nano,3,true
hmmt_nov_2025,11,QED-Nano,other/qed-nano,0,true
hmmt_nov_2025,11,QED-Nano,other/qed-nano,1,true
hmmt_nov_2025,11,QED-Nano,other/qed-nano,2,true
hmmt_nov_2025,11,QED-Nano,other/qed-nano,3,true
hmmt_nov_2025,21,QED-Nano,other/qed-nano,0,true
hmmt_nov_2025,21,QED-Nano,other/qed-nano,1,false
hmmt_nov_2025,21,QED-Nano,other/qed-nano,2,false
hmmt_nov_2025,21,QED-Nano,other/qed-nano,3,true
hmmt_nov_2025,27,QED-Nano,other/qed-nano,0,false
hmmt_nov_2025,27,QED-Nano,other/qed-nano,1,true
hmmt_nov_2025,27,QED-Nano,other/qed-nano,2,false
hmmt_nov_2025,27,QED-Nano,other/qed-nano,3,false
hmmt_nov_2025,7,QED-Nano,other/qed-nano,0,false
hmmt_nov_2025,7,QED-Nano,other/qed-nano,1,true
hmmt_nov_2025,7,QED-Nano,other/qed-nano,2,false
hmmt_nov_2025,7,QED-Nano,other/qed-nano,3,true
hmmt_nov_2025,28,QED-Nano,other/qed-nano,0,false
hmmt_nov_2025,28,QED-Nano,other/qed-nano,1,false
hmmt_nov_2025,28,QED-Nano,other/qed-nano,2,false
hmmt_nov_2025,28,QED-Nano,other/qed-nano,3,false
hmmt_nov_2025,25,QED-Nano,other/qed-nano,0,true
hmmt_nov_2025,25,QED-Nano,other/qed-nano,1,true
hmmt_nov_2025,25,QED-Nano,other/qed-nano,2,true
hmmt_nov_2025,25,QED-Nano,other/qed-nano,3,true
hmmt_nov_2025,10,QED-Nano,other/qed-nano,0,false
hmmt_nov_2025,10,QED-Nano,other/qed-nano,1,false
hmmt_nov_2025,10,QED-Nano,other/qed-nano,2,false
hmmt_nov_2025,10,QED-Nano,other/qed-nano,3,false
hmmt_nov_2025,1,QED-Nano,other/qed-nano,0,true
hmmt_nov_2025,1,QED-Nano,other/qed-nano,1,true
hmmt_nov_2025,1,QED-Nano,other/qed-nano,2,true
hmmt_nov_2025,1,QED-Nano,other/qed-nano,3,true
hmmt_nov_2025,14,QED-Nano,other/qed-nano,0,true
hmmt_nov_2025,14,QED-Nano,other/qed-nano,1,true
hmmt_nov_2025,14,QED-Nano,other/qed-nano,2,true
hmmt_nov_2025,14,QED-Nano,other/qed-nano,3,true
hmmt_nov_2025,30,QED-Nano,other/qed-nano,0,true
hmmt_nov_2025,30,QED-Nano,other/qed-nano,1,true
hmmt_nov_2025,30,QED-Nano,other/qed-nano,2,true
hmmt_nov_2025,30,QED-Nano,other/qed-nano,3,true
hmmt_nov_2025,12,QED-Nano,other/qed-nano,0,true
hmmt_nov_2025,12,QED-Nano,other/qed-nano,1,true
hmmt_nov_2025,12,QED-Nano,other/qed-nano,2,true
hmmt_nov_2025,12,QED-Nano,other/qed-nano,3,true
hmmt_nov_2025,26,QED-Nano,other/qed-nano,0,true
hmmt_nov_2025,26,QED-Nano,other/qed-nano,1,false
hmmt_nov_2025,26,QED-Nano,other/qed-nano,2,true
hmmt_nov_2025,26,QED-Nano,other/qed-nano,3,false
hmmt_nov_2025,24,QED-Nano,other/qed-nano,0,true
hmmt_nov_2025,24,QED-Nano,other/qed-nano,1,true
hmmt_nov_2025,24,QED-Nano,other/qed-nano,2,true
hmmt_nov_2025,24,QED-Nano,other/qed-nano,3,true
hmmt_nov_2025,8,QED-Nano,other/qed-nano,0,true
hmmt_nov_2025,8,QED-Nano,other/qed-nano,1,false
hmmt_nov_2025,8,QED-Nano,other/qed-nano,2,true
hmmt_nov_2025,8,QED-Nano,other/qed-nano,3,true
hmmt_nov_2025,16,QED-Nano,other/qed-nano,0,true
hmmt_nov_2025,16,QED-Nano,other/qed-nano,1,true
hmmt_nov_2025,16,QED-Nano,other/qed-nano,2,false
hmmt_nov_2025,16,QED-Nano,other/qed-nano,3,false
hmmt_nov_2025,4,QED-Nano,other/qed-nano,0,true
hmmt_nov_2025,4,QED-Nano,other/qed-nano,1,true
hmmt_nov_2025,4,QED-Nano,other/qed-nano,2,true
hmmt_nov_2025,4,QED-Nano,other/qed-nano,3,true
hmmt_nov_2025,18,QED-Nano,other/qed-nano,0,false
hmmt_nov_2025,18,QED-Nano,other/qed-nano,1,true
hmmt_nov_2025,18,QED-Nano,other/qed-nano,2,true
hmmt_nov_2025,18,QED-Nano,other/qed-nano,3,true
hmmt_nov_2025,23,QED-Nano,other/qed-nano,0,true
hmmt_nov_2025,23,QED-Nano,other/qed-nano,1,true
hmmt_nov_2025,23,QED-Nano,other/qed-nano,2,true
hmmt_nov_2025,23,QED-Nano,other/qed-nano,3,true
hmmt_nov_2025,22,QED-Nano,other/qed-nano,0,false
hmmt_nov_2025,22,QED-Nano,other/qed-nano,1,true
hmmt_nov_2025,22,QED-Nano,other/qed-nano,2,true
hmmt_nov_2025,22,QED-Nano,other/qed-nano,3,true
hmmt_nov_2025,17,QED-Nano,other/qed-nano,0,true
hmmt_nov_2025,17,QED-Nano,other/qed-nano,1,true
hmmt_nov_2025,17,QED-Nano,other/qed-nano,2,true
hmmt_nov_2025,17,QED-Nano,other/qed-nano,3,true
hmmt_nov_2025,3,QED-Nano,other/qed-nano,0,true
hmmt_nov_2025,3,QED-Nano,other/qed-nano,1,true
hmmt_nov_2025,3,QED-Nano,other/qed-nano,2,true
hmmt_nov_2025,3,QED-Nano,other/qed-nano,3,true
hmmt_nov_2025,20,QED-Nano,other/qed-nano,0,true
hmmt_nov_2025,20,QED-Nano,other/qed-nano,1,true
hmmt_nov_2025,20,QED-Nano,other/qed-nano,2,true
hmmt_nov_2025,20,QED-Nano,other/qed-nano,3,true
hmmt_nov_2025,9,QED-Nano,other/qed-nano,0,true
hmmt_nov_2025,9,QED-Nano,other/qed-nano,1,true
hmmt_nov_2025,9,QED-Nano,other/qed-nano,2,true
hmmt_nov_2025,9,QED-Nano,other/qed-nano,3,true
hmmt_nov_2025,29,QED-Nano,other/qed-nano,0,true
hmmt_nov_2025,29,QED-Nano,other/qed-nano,1,true
hmmt_nov_2025,29,QED-Nano,other/qed-nano,2,true
hmmt_nov_2025,29,QED-Nano,other/qed-nano,3,true
hmmt_nov_2025,19,QED-Nano,other/qed-nano,0,true
hmmt_nov_2025,19,QED-Nano,other/qed-nano,1,false
hmmt_nov_2025,19,QED-Nano,other/qed-nano,2,false
hmmt_nov_2025,19,QED-Nano,other/qed-nano,3,false
hmmt_nov_2025,6,QED-Nano,other/qed-nano,0,false
hmmt_nov_2025,6,QED-Nano,other/qed-nano,1,false
hmmt_nov_2025,6,QED-Nano,other/qed-nano,2,true
hmmt_nov_2025,6,QED-Nano,other/qed-nano,3,false
hmmt_nov_2025,5,QED-Nano,other/qed-nano,0,true
hmmt_nov_2025,5,QED-Nano,other/qed-nano,1,true
hmmt_nov_2025,5,QED-Nano,other/qed-nano,2,true
hmmt_nov_2025,5,QED-Nano,other/qed-nano,3,true
hmmt_nov_2025,2,Step 3.5 Flash,stepfun/3.5-flash,0,true
hmmt_nov_2025,2,Step 3.5 Flash,stepfun/3.5-flash,1,true
hmmt_nov_2025,2,Step 3.5 Flash,stepfun/3.5-flash,2,true
hmmt_nov_2025,2,Step 3.5 Flash,stepfun/3.5-flash,3,true
hmmt_nov_2025,15,Step 3.5 Flash,stepfun/3.5-flash,0,true
hmmt_nov_2025,15,Step 3.5 Flash,stepfun/3.5-flash,1,true
hmmt_nov_2025,15,Step 3.5 Flash,stepfun/3.5-flash,2,true
hmmt_nov_2025,15,Step 3.5 Flash,stepfun/3.5-flash,3,true
hmmt_nov_2025,13,Step 3.5 Flash,stepfun/3.5-flash,0,true
hmmt_nov_2025,13,Step 3.5 Flash,stepfun/3.5-flash,1,true
hmmt_nov_2025,13,Step 3.5 Flash,stepfun/3.5-flash,2,true
hmmt_nov_2025,13,Step 3.5 Flash,stepfun/3.5-flash,3,true
hmmt_nov_2025,11,Step 3.5 Flash,stepfun/3.5-flash,0,true
hmmt_nov_2025,11,Step 3.5 Flash,stepfun/3.5-flash,1,true
hmmt_nov_2025,11,Step 3.5 Flash,stepfun/3.5-flash,2,true
hmmt_nov_2025,11,Step 3.5 Flash,stepfun/3.5-flash,3,true
hmmt_nov_2025,21,Step 3.5 Flash,stepfun/3.5-flash,0,true
hmmt_nov_2025,21,Step 3.5 Flash,stepfun/3.5-flash,1,true
hmmt_nov_2025,21,Step 3.5 Flash,stepfun/3.5-flash,2,true
hmmt_nov_2025,21,Step 3.5 Flash,stepfun/3.5-flash,3,true
hmmt_nov_2025,27,Step 3.5 Flash,stepfun/3.5-flash,0,true
hmmt_nov_2025,27,Step 3.5 Flash,stepfun/3.5-flash,1,true
hmmt_nov_2025,27,Step 3.5 Flash,stepfun/3.5-flash,2,true
hmmt_nov_2025,27,Step 3.5 Flash,stepfun/3.5-flash,3,true
hmmt_nov_2025,7,Step 3.5 Flash,stepfun/3.5-flash,0,true
hmmt_nov_2025,7,Step 3.5 Flash,stepfun/3.5-flash,1,true
hmmt_nov_2025,7,Step 3.5 Flash,stepfun/3.5-flash,2,true
hmmt_nov_2025,7,Step 3.5 Flash,stepfun/3.5-flash,3,true
hmmt_nov_2025,28,Step 3.5 Flash,stepfun/3.5-flash,0,true
hmmt_nov_2025,28,Step 3.5 Flash,stepfun/3.5-flash,1,false
hmmt_nov_2025,28,Step 3.5 Flash,stepfun/3.5-flash,2,true
hmmt_nov_2025,28,Step 3.5 Flash,stepfun/3.5-flash,3,false
hmmt_nov_2025,25,Step 3.5 Flash,stepfun/3.5-flash,0,true
hmmt_nov_2025,25,Step 3.5 Flash,stepfun/3.5-flash,1,true
hmmt_nov_2025,25,Step 3.5 Flash,stepfun/3.5-flash,2,true
hmmt_nov_2025,25,Step 3.5 Flash,stepfun/3.5-flash,3,true
hmmt_nov_2025,10,Step 3.5 Flash,stepfun/3.5-flash,0,false
hmmt_nov_2025,10,Step 3.5 Flash,stepfun/3.5-flash,1,false
hmmt_nov_2025,10,Step 3.5 Flash,stepfun/3.5-flash,2,true
hmmt_nov_2025,10,Step 3.5 Flash,stepfun/3.5-flash,3,false
hmmt_nov_2025,1,Step 3.5 Flash,stepfun/3.5-flash,0,true
hmmt_nov_2025,1,Step 3.5 Flash,stepfun/3.5-flash,1,true
hmmt_nov_2025,1,Step 3.5 Flash,stepfun/3.5-flash,2,true
hmmt_nov_2025,1,Step 3.5 Flash,stepfun/3.5-flash,3,true
hmmt_nov_2025,14,Step 3.5 Flash,stepfun/3.5-flash,0,true
hmmt_nov_2025,14,Step 3.5 Flash,stepfun/3.5-flash,1,true
hmmt_nov_2025,14,Step 3.5 Flash,stepfun/3.5-flash,2,true
hmmt_nov_2025,14,Step 3.5 Flash,stepfun/3.5-flash,3,true
hmmt_nov_2025,30,Step 3.5 Flash,stepfun/3.5-flash,0,true
hmmt_nov_2025,30,Step 3.5 Flash,stepfun/3.5-flash,1,true
hmmt_nov_2025,30,Step 3.5 Flash,stepfun/3.5-flash,2,true
hmmt_nov_2025,30,Step 3.5 Flash,stepfun/3.5-flash,3,false
hmmt_nov_2025,12,Step 3.5 Flash,stepfun/3.5-flash,0,true
hmmt_nov_2025,12,Step 3.5 Flash,stepfun/3.5-flash,1,true
hmmt_nov_2025,12,Step 3.5 Flash,stepfun/3.5-flash,2,true
hmmt_nov_2025,12,Step 3.5 Flash,stepfun/3.5-flash,3,true
hmmt_nov_2025,26,Step 3.5 Flash,stepfun/3.5-flash,0,false
hmmt_nov_2025,26,Step 3.5 Flash,stepfun/3.5-flash,1,true
hmmt_nov_2025,26,Step 3.5 Flash,stepfun/3.5-flash,2,true
hmmt_nov_2025,26,Step 3.5 Flash,stepfun/3.5-flash,3,true
hmmt_nov_2025,24,Step 3.5 Flash,stepfun/3.5-flash,0,true
hmmt_nov_2025,24,Step 3.5 Flash,stepfun/3.5-flash,1,true
hmmt_nov_2025,24,Step 3.5 Flash,stepfun/3.5-flash,2,true
hmmt_nov_2025,24,Step 3.5 Flash,stepfun/3.5-flash,3,true
hmmt_nov_2025,8,Step 3.5 Flash,stepfun/3.5-flash,0,true
hmmt_nov_2025,8,Step 3.5 Flash,stepfun/3.5-flash,1,true
hmmt_nov_2025,8,Step 3.5 Flash,stepfun/3.5-flash,2,true
hmmt_nov_2025,8,Step 3.5 Flash,stepfun/3.5-flash,3,true
hmmt_nov_2025,16,Step 3.5 Flash,stepfun/3.5-flash,0,true
hmmt_nov_2025,16,Step 3.5 Flash,stepfun/3.5-flash,1,true
hmmt_nov_2025,16,Step 3.5 Flash,stepfun/3.5-flash,2,true
hmmt_nov_2025,16,Step 3.5 Flash,stepfun/3.5-flash,3,true
hmmt_nov_2025,4,Step 3.5 Flash,stepfun/3.5-flash,0,true
hmmt_nov_2025,4,Step 3.5 Flash,stepfun/3.5-flash,1,true
hmmt_nov_2025,4,Step 3.5 Flash,stepfun/3.5-flash,2,true
hmmt_nov_2025,4,Step 3.5 Flash,stepfun/3.5-flash,3,true
hmmt_nov_2025,18,Step 3.5 Flash,stepfun/3.5-flash,0,true
hmmt_nov_2025,18,Step 3.5 Flash,stepfun/3.5-flash,1,true
hmmt_nov_2025,18,Step 3.5 Flash,stepfun/3.5-flash,2,true
hmmt_nov_2025,18,Step 3.5 Flash,stepfun/3.5-flash,3,true
hmmt_nov_2025,23,Step 3.5 Flash,stepfun/3.5-flash,0,true
hmmt_nov_2025,23,Step 3.5 Flash,stepfun/3.5-flash,1,true
hmmt_nov_2025,23,Step 3.5 Flash,stepfun/3.5-flash,2,true
hmmt_nov_2025,23,Step 3.5 Flash,stepfun/3.5-flash,3,true
hmmt_nov_2025,22,Step 3.5 Flash,stepfun/3.5-flash,0,true
hmmt_nov_2025,22,Step 3.5 Flash,stepfun/3.5-flash,1,true
hmmt_nov_2025,22,Step 3.5 Flash,stepfun/3.5-flash,2,true
hmmt_nov_2025,22,Step 3.5 Flash,stepfun/3.5-flash,3,true
hmmt_nov_2025,17,Step 3.5 Flash,stepfun/3.5-flash,0,true
hmmt_nov_2025,17,Step 3.5 Flash,stepfun/3.5-flash,1,true
hmmt_nov_2025,17,Step 3.5 Flash,stepfun/3.5-flash,2,true
hmmt_nov_2025,17,Step 3.5 Flash,stepfun/3.5-flash,3,true
hmmt_nov_2025,3,Step 3.5 Flash,stepfun/3.5-flash,0,true
hmmt_nov_2025,3,Step 3.5 Flash,stepfun/3.5-flash,1,true
hmmt_nov_2025,3,Step 3.5 Flash,stepfun/3.5-flash,2,true
hmmt_nov_2025,3,Step 3.5 Flash,stepfun/3.5-flash,3,true
hmmt_nov_2025,20,Step 3.5 Flash,stepfun/3.5-flash,0,true
hmmt_nov_2025,20,Step 3.5 Flash,stepfun/3.5-flash,1,true
hmmt_nov_2025,20,Step 3.5 Flash,stepfun/3.5-flash,2,true
hmmt_nov_2025,20,Step 3.5 Flash,stepfun/3.5-flash,3,true
hmmt_nov_2025,9,Step 3.5 Flash,stepfun/3.5-flash,0,true
hmmt_nov_2025,9,Step 3.5 Flash,stepfun/3.5-flash,1,true
hmmt_nov_2025,9,Step 3.5 Flash,stepfun/3.5-flash,2,true
hmmt_nov_2025,9,Step 3.5 Flash,stepfun/3.5-flash,3,true
hmmt_nov_2025,29,Step 3.5 Flash,stepfun/3.5-flash,0,true
hmmt_nov_2025,29,Step 3.5 Flash,stepfun/3.5-flash,1,true
hmmt_nov_2025,29,Step 3.5 Flash,stepfun/3.5-flash,2,true
hmmt_nov_2025,29,Step 3.5 Flash,stepfun/3.5-flash,3,true
hmmt_nov_2025,19,Step 3.5 Flash,stepfun/3.5-flash,0,true
hmmt_nov_2025,19,Step 3.5 Flash,stepfun/3.5-flash,1,true
hmmt_nov_2025,19,Step 3.5 Flash,stepfun/3.5-flash,2,true
hmmt_nov_2025,19,Step 3.5 Flash,stepfun/3.5-flash,3,true
hmmt_nov_2025,6,Step 3.5 Flash,stepfun/3.5-flash,0,true
hmmt_nov_2025,6,Step 3.5 Flash,stepfun/3.5-flash,1,true
hmmt_nov_2025,6,Step 3.5 Flash,stepfun/3.5-flash,2,true
hmmt_nov_2025,6,Step 3.5 Flash,stepfun/3.5-flash,3,true
hmmt_nov_2025,5,Step 3.5 Flash,stepfun/3.5-flash,0,true
hmmt_nov_2025,5,Step 3.5 Flash,stepfun/3.5-flash,1,true
hmmt_nov_2025,5,Step 3.5 Flash,stepfun/3.5-flash,2,true
hmmt_nov_2025,5,Step 3.5 Flash,stepfun/3.5-flash,3,true
hmmt_nov_2025,2,Grok 4 Fast R,xai/grok-4-fast-reasoning,0,true
hmmt_nov_2025,2,Grok 4 Fast R,xai/grok-4-fast-reasoning,1,true
hmmt_nov_2025,2,Grok 4 Fast R,xai/grok-4-fast-reasoning,2,true
hmmt_nov_2025,2,Grok 4 Fast R,xai/grok-4-fast-reasoning,3,true
hmmt_nov_2025,15,Grok 4 Fast R,xai/grok-4-fast-reasoning,0,true
hmmt_nov_2025,15,Grok 4 Fast R,xai/grok-4-fast-reasoning,1,true
hmmt_nov_2025,15,Grok 4 Fast R,xai/grok-4-fast-reasoning,2,true
hmmt_nov_2025,15,Grok 4 Fast R,xai/grok-4-fast-reasoning,3,true
hmmt_nov_2025,13,Grok 4 Fast R,xai/grok-4-fast-reasoning,0,true
hmmt_nov_2025,13,Grok 4 Fast R,xai/grok-4-fast-reasoning,1,true
hmmt_nov_2025,13,Grok 4 Fast R,xai/grok-4-fast-reasoning,2,true
hmmt_nov_2025,13,Grok 4 Fast R,xai/grok-4-fast-reasoning,3,true
hmmt_nov_2025,11,Grok 4 Fast R,xai/grok-4-fast-reasoning,0,true
hmmt_nov_2025,11,Grok 4 Fast R,xai/grok-4-fast-reasoning,1,true
hmmt_nov_2025,11,Grok 4 Fast R,xai/grok-4-fast-reasoning,2,true
hmmt_nov_2025,11,Grok 4 Fast R,xai/grok-4-fast-reasoning,3,true
hmmt_nov_2025,21,Grok 4 Fast R,xai/grok-4-fast-reasoning,0,true
hmmt_nov_2025,21,Grok 4 Fast R,xai/grok-4-fast-reasoning,1,true
hmmt_nov_2025,21,Grok 4 Fast R,xai/grok-4-fast-reasoning,2,true
hmmt_nov_2025,21,Grok 4 Fast R,xai/grok-4-fast-reasoning,3,true
hmmt_nov_2025,27,Grok 4 Fast R,xai/grok-4-fast-reasoning,0,true
hmmt_nov_2025,27,Grok 4 Fast R,xai/grok-4-fast-reasoning,1,true
hmmt_nov_2025,27,Grok 4 Fast R,xai/grok-4-fast-reasoning,2,true
hmmt_nov_2025,27,Grok 4 Fast R,xai/grok-4-fast-reasoning,3,true
hmmt_nov_2025,7,Grok 4 Fast R,xai/grok-4-fast-reasoning,0,true
hmmt_nov_2025,7,Grok 4 Fast R,xai/grok-4-fast-reasoning,1,false
hmmt_nov_2025,7,Grok 4 Fast R,xai/grok-4-fast-reasoning,2,true
hmmt_nov_2025,7,Grok 4 Fast R,xai/grok-4-fast-reasoning,3,true
hmmt_nov_2025,28,Grok 4 Fast R,xai/grok-4-fast-reasoning,0,false
hmmt_nov_2025,28,Grok 4 Fast R,xai/grok-4-fast-reasoning,1,false
hmmt_nov_2025,28,Grok 4 Fast R,xai/grok-4-fast-reasoning,2,false
hmmt_nov_2025,28,Grok 4 Fast R,xai/grok-4-fast-reasoning,3,false
hmmt_nov_2025,25,Grok 4 Fast R,xai/grok-4-fast-reasoning,0,true
hmmt_nov_2025,25,Grok 4 Fast R,xai/grok-4-fast-reasoning,1,true
hmmt_nov_2025,25,Grok 4 Fast R,xai/grok-4-fast-reasoning,2,true
hmmt_nov_2025,25,Grok 4 Fast R,xai/grok-4-fast-reasoning,3,true
hmmt_nov_2025,10,Grok 4 Fast R,xai/grok-4-fast-reasoning,0,false
hmmt_nov_2025,10,Grok 4 Fast R,xai/grok-4-fast-reasoning,1,false
hmmt_nov_2025,10,Grok 4 Fast R,xai/grok-4-fast-reasoning,2,false
hmmt_nov_2025,10,Grok 4 Fast R,xai/grok-4-fast-reasoning,3,false
hmmt_nov_2025,1,Grok 4 Fast R,xai/grok-4-fast-reasoning,0,true
hmmt_nov_2025,1,Grok 4 Fast R,xai/grok-4-fast-reasoning,1,true
hmmt_nov_2025,1,Grok 4 Fast R,xai/grok-4-fast-reasoning,2,true
hmmt_nov_2025,1,Grok 4 Fast R,xai/grok-4-fast-reasoning,3,true
hmmt_nov_2025,14,Grok 4 Fast R,xai/grok-4-fast-reasoning,0,true
hmmt_nov_2025,14,Grok 4 Fast R,xai/grok-4-fast-reasoning,1,true
hmmt_nov_2025,14,Grok 4 Fast R,xai/grok-4-fast-reasoning,2,true
hmmt_nov_2025,14,Grok 4 Fast R,xai/grok-4-fast-reasoning,3,true
hmmt_nov_2025,30,Grok 4 Fast R,xai/grok-4-fast-reasoning,0,true
hmmt_nov_2025,30,Grok 4 Fast R,xai/grok-4-fast-reasoning,1,true
hmmt_nov_2025,30,Grok 4 Fast R,xai/grok-4-fast-reasoning,2,true
hmmt_nov_2025,30,Grok 4 Fast R,xai/grok-4-fast-reasoning,3,false
hmmt_nov_2025,12,Grok 4 Fast R,xai/grok-4-fast-reasoning,0,true
hmmt_nov_2025,12,Grok 4 Fast R,xai/grok-4-fast-reasoning,1,true
hmmt_nov_2025,12,Grok 4 Fast R,xai/grok-4-fast-reasoning,2,true
hmmt_nov_2025,12,Grok 4 Fast R,xai/grok-4-fast-reasoning,3,true
hmmt_nov_2025,26,Grok 4 Fast R,xai/grok-4-fast-reasoning,0,true
hmmt_nov_2025,26,Grok 4 Fast R,xai/grok-4-fast-reasoning,1,true
hmmt_nov_2025,26,Grok 4 Fast R,xai/grok-4-fast-reasoning,2,true
hmmt_nov_2025,26,Grok 4 Fast R,xai/grok-4-fast-reasoning,3,true
hmmt_nov_2025,24,Grok 4 Fast R,xai/grok-4-fast-reasoning,0,true
hmmt_nov_2025,24,Grok 4 Fast R,xai/grok-4-fast-reasoning,1,true
hmmt_nov_2025,24,Grok 4 Fast R,xai/grok-4-fast-reasoning,2,true
hmmt_nov_2025,24,Grok 4 Fast R,xai/grok-4-fast-reasoning,3,true
hmmt_nov_2025,8,Grok 4 Fast R,xai/grok-4-fast-reasoning,0,true
hmmt_nov_2025,8,Grok 4 Fast R,xai/grok-4-fast-reasoning,1,true
hmmt_nov_2025,8,Grok 4 Fast R,xai/grok-4-fast-reasoning,2,true
hmmt_nov_2025,8,Grok 4 Fast R,xai/grok-4-fast-reasoning,3,true
hmmt_nov_2025,16,Grok 4 Fast R,xai/grok-4-fast-reasoning,0,true
hmmt_nov_2025,16,Grok 4 Fast R,xai/grok-4-fast-reasoning,1,true
hmmt_nov_2025,16,Grok 4 Fast R,xai/grok-4-fast-reasoning,2,true
hmmt_nov_2025,16,Grok 4 Fast R,xai/grok-4-fast-reasoning,3,false
hmmt_nov_2025,4,Grok 4 Fast R,xai/grok-4-fast-reasoning,0,true
hmmt_nov_2025,4,Grok 4 Fast R,xai/grok-4-fast-reasoning,1,true
hmmt_nov_2025,4,Grok 4 Fast R,xai/grok-4-fast-reasoning,2,true
hmmt_nov_2025,4,Grok 4 Fast R,xai/grok-4-fast-reasoning,3,true
hmmt_nov_2025,18,Grok 4 Fast R,xai/grok-4-fast-reasoning,0,true
hmmt_nov_2025,18,Grok 4 Fast R,xai/grok-4-fast-reasoning,1,true
hmmt_nov_2025,18,Grok 4 Fast R,xai/grok-4-fast-reasoning,2,true
hmmt_nov_2025,18,Grok 4 Fast R,xai/grok-4-fast-reasoning,3,true
hmmt_nov_2025,23,Grok 4 Fast R,xai/grok-4-fast-reasoning,0,true
hmmt_nov_2025,23,Grok 4 Fast R,xai/grok-4-fast-reasoning,1,true
hmmt_nov_2025,23,Grok 4 Fast R,xai/grok-4-fast-reasoning,2,true
hmmt_nov_2025,23,Grok 4 Fast R,xai/grok-4-fast-reasoning,3,true
hmmt_nov_2025,22,Grok 4 Fast R,xai/grok-4-fast-reasoning,0,true
hmmt_nov_2025,22,Grok 4 Fast R,xai/grok-4-fast-reasoning,1,true
hmmt_nov_2025,22,Grok 4 Fast R,xai/grok-4-fast-reasoning,2,true
hmmt_nov_2025,22,Grok 4 Fast R,xai/grok-4-fast-reasoning,3,true
hmmt_nov_2025,17,Grok 4 Fast R,xai/grok-4-fast-reasoning,0,true
hmmt_nov_2025,17,Grok 4 Fast R,xai/grok-4-fast-reasoning,1,true
hmmt_nov_2025,17,Grok 4 Fast R,xai/grok-4-fast-reasoning,2,true
hmmt_nov_2025,17,Grok 4 Fast R,xai/grok-4-fast-reasoning,3,true
hmmt_nov_2025,3,Grok 4 Fast R,xai/grok-4-fast-reasoning,0,true
hmmt_nov_2025,3,Grok 4 Fast R,xai/grok-4-fast-reasoning,1,true
hmmt_nov_2025,3,Grok 4 Fast R,xai/grok-4-fast-reasoning,2,true
hmmt_nov_2025,3,Grok 4 Fast R,xai/grok-4-fast-reasoning,3,true
hmmt_nov_2025,20,Grok 4 Fast R,xai/grok-4-fast-reasoning,0,true
hmmt_nov_2025,20,Grok 4 Fast R,xai/grok-4-fast-reasoning,1,true
hmmt_nov_2025,20,Grok 4 Fast R,xai/grok-4-fast-reasoning,2,true
hmmt_nov_2025,20,Grok 4 Fast R,xai/grok-4-fast-reasoning,3,true
hmmt_nov_2025,9,Grok 4 Fast R,xai/grok-4-fast-reasoning,0,true
hmmt_nov_2025,9,Grok 4 Fast R,xai/grok-4-fast-reasoning,1,true
hmmt_nov_2025,9,Grok 4 Fast R,xai/grok-4-fast-reasoning,2,true
hmmt_nov_2025,9,Grok 4 Fast R,xai/grok-4-fast-reasoning,3,true
hmmt_nov_2025,29,Grok 4 Fast R,xai/grok-4-fast-reasoning,0,true
hmmt_nov_2025,29,Grok 4 Fast R,xai/grok-4-fast-reasoning,1,true
hmmt_nov_2025,29,Grok 4 Fast R,xai/grok-4-fast-reasoning,2,true
hmmt_nov_2025,29,Grok 4 Fast R,xai/grok-4-fast-reasoning,3,true
hmmt_nov_2025,19,Grok 4 Fast R,xai/grok-4-fast-reasoning,0,true
hmmt_nov_2025,19,Grok 4 Fast R,xai/grok-4-fast-reasoning,1,true
hmmt_nov_2025,19,Grok 4 Fast R,xai/grok-4-fast-reasoning,2,true
hmmt_nov_2025,19,Grok 4 Fast R,xai/grok-4-fast-reasoning,3,true
hmmt_nov_2025,6,Grok 4 Fast R,xai/grok-4-fast-reasoning,0,true
hmmt_nov_2025,6,Grok 4 Fast R,xai/grok-4-fast-reasoning,1,true
hmmt_nov_2025,6,Grok 4 Fast R,xai/grok-4-fast-reasoning,2,true
hmmt_nov_2025,6,Grok 4 Fast R,xai/grok-4-fast-reasoning,3,true
hmmt_nov_2025,5,Grok 4 Fast R,xai/grok-4-fast-reasoning,0,true
hmmt_nov_2025,5,Grok 4 Fast R,xai/grok-4-fast-reasoning,1,true
hmmt_nov_2025,5,Grok 4 Fast R,xai/grok-4-fast-reasoning,2,true
hmmt_nov_2025,5,Grok 4 Fast R,xai/grok-4-fast-reasoning,3,true
hmmt_nov_2025,2,Grok 4.1 Fast (Reasoning),xai/grok-41-fast-reasoning,0,true
hmmt_nov_2025,2,Grok 4.1 Fast (Reasoning),xai/grok-41-fast-reasoning,1,true
hmmt_nov_2025,2,Grok 4.1 Fast (Reasoning),xai/grok-41-fast-reasoning,2,true
hmmt_nov_2025,2,Grok 4.1 Fast (Reasoning),xai/grok-41-fast-reasoning,3,true
hmmt_nov_2025,15,Grok 4.1 Fast (Reasoning),xai/grok-41-fast-reasoning,0,true
hmmt_nov_2025,15,Grok 4.1 Fast (Reasoning),xai/grok-41-fast-reasoning,1,true
hmmt_nov_2025,15,Grok 4.1 Fast (Reasoning),xai/grok-41-fast-reasoning,2,true
hmmt_nov_2025,15,Grok 4.1 Fast (Reasoning),xai/grok-41-fast-reasoning,3,true
hmmt_nov_2025,13,Grok 4.1 Fast (Reasoning),xai/grok-41-fast-reasoning,0,true
hmmt_nov_2025,13,Grok 4.1 Fast (Reasoning),xai/grok-41-fast-reasoning,1,true
hmmt_nov_2025,13,Grok 4.1 Fast (Reasoning),xai/grok-41-fast-reasoning,2,true
hmmt_nov_2025,13,Grok 4.1 Fast (Reasoning),xai/grok-41-fast-reasoning,3,true
hmmt_nov_2025,11,Grok 4.1 Fast (Reasoning),xai/grok-41-fast-reasoning,0,true
hmmt_nov_2025,11,Grok 4.1 Fast (Reasoning),xai/grok-41-fast-reasoning,1,true
hmmt_nov_2025,11,Grok 4.1 Fast (Reasoning),xai/grok-41-fast-reasoning,2,true
hmmt_nov_2025,11,Grok 4.1 Fast (Reasoning),xai/grok-41-fast-reasoning,3,true
hmmt_nov_2025,21,Grok 4.1 Fast (Reasoning),xai/grok-41-fast-reasoning,0,true
hmmt_nov_2025,21,Grok 4.1 Fast (Reasoning),xai/grok-41-fast-reasoning,1,true
hmmt_nov_2025,21,Grok 4.1 Fast (Reasoning),xai/grok-41-fast-reasoning,2,true
hmmt_nov_2025,21,Grok 4.1 Fast (Reasoning),xai/grok-41-fast-reasoning,3,true
hmmt_nov_2025,27,Grok 4.1 Fast (Reasoning),xai/grok-41-fast-reasoning,0,true
hmmt_nov_2025,27,Grok 4.1 Fast (Reasoning),xai/grok-41-fast-reasoning,1,true
hmmt_nov_2025,27,Grok 4.1 Fast (Reasoning),xai/grok-41-fast-reasoning,2,true
hmmt_nov_2025,27,Grok 4.1 Fast (Reasoning),xai/grok-41-fast-reasoning,3,true
hmmt_nov_2025,7,Grok 4.1 Fast (Reasoning),xai/grok-41-fast-reasoning,0,true
hmmt_nov_2025,7,Grok 4.1 Fast (Reasoning),xai/grok-41-fast-reasoning,1,true
hmmt_nov_2025,7,Grok 4.1 Fast (Reasoning),xai/grok-41-fast-reasoning,2,true
hmmt_nov_2025,7,Grok 4.1 Fast (Reasoning),xai/grok-41-fast-reasoning,3,true
hmmt_nov_2025,28,Grok 4.1 Fast (Reasoning),xai/grok-41-fast-reasoning,0,false
hmmt_nov_2025,28,Grok 4.1 Fast (Reasoning),xai/grok-41-fast-reasoning,1,false
hmmt_nov_2025,28,Grok 4.1 Fast (Reasoning),xai/grok-41-fast-reasoning,2,false
hmmt_nov_2025,28,Grok 4.1 Fast (Reasoning),xai/grok-41-fast-reasoning,3,false
hmmt_nov_2025,25,Grok 4.1 Fast (Reasoning),xai/grok-41-fast-reasoning,0,true
hmmt_nov_2025,25,Grok 4.1 Fast (Reasoning),xai/grok-41-fast-reasoning,1,true
hmmt_nov_2025,25,Grok 4.1 Fast (Reasoning),xai/grok-41-fast-reasoning,2,true
hmmt_nov_2025,25,Grok 4.1 Fast (Reasoning),xai/grok-41-fast-reasoning,3,true
hmmt_nov_2025,10,Grok 4.1 Fast (Reasoning),xai/grok-41-fast-reasoning,0,false
hmmt_nov_2025,10,Grok 4.1 Fast (Reasoning),xai/grok-41-fast-reasoning,1,false
hmmt_nov_2025,10,Grok 4.1 Fast (Reasoning),xai/grok-41-fast-reasoning,2,false
hmmt_nov_2025,10,Grok 4.1 Fast (Reasoning),xai/grok-41-fast-reasoning,3,false
hmmt_nov_2025,1,Grok 4.1 Fast (Reasoning),xai/grok-41-fast-reasoning,0,true
hmmt_nov_2025,1,Grok 4.1 Fast (Reasoning),xai/grok-41-fast-reasoning,1,true
hmmt_nov_2025,1,Grok 4.1 Fast (Reasoning),xai/grok-41-fast-reasoning,2,true
hmmt_nov_2025,1,Grok 4.1 Fast (Reasoning),xai/grok-41-fast-reasoning,3,true
hmmt_nov_2025,14,Grok 4.1 Fast (Reasoning),xai/grok-41-fast-reasoning,0,true
hmmt_nov_2025,14,Grok 4.1 Fast (Reasoning),xai/grok-41-fast-reasoning,1,true
hmmt_nov_2025,14,Grok 4.1 Fast (Reasoning),xai/grok-41-fast-reasoning,2,true
hmmt_nov_2025,14,Grok 4.1 Fast (Reasoning),xai/grok-41-fast-reasoning,3,true
hmmt_nov_2025,30,Grok 4.1 Fast (Reasoning),xai/grok-41-fast-reasoning,0,true
hmmt_nov_2025,30,Grok 4.1 Fast (Reasoning),xai/grok-41-fast-reasoning,1,true
hmmt_nov_2025,30,Grok 4.1 Fast (Reasoning),xai/grok-41-fast-reasoning,2,true
hmmt_nov_2025,30,Grok 4.1 Fast (Reasoning),xai/grok-41-fast-reasoning,3,true
hmmt_nov_2025,12,Grok 4.1 Fast (Reasoning),xai/grok-41-fast-reasoning,0,true
hmmt_nov_2025,12,Grok 4.1 Fast (Reasoning),xai/grok-41-fast-reasoning,1,true
hmmt_nov_2025,12,Grok 4.1 Fast (Reasoning),xai/grok-41-fast-reasoning,2,true
hmmt_nov_2025,12,Grok 4.1 Fast (Reasoning),xai/grok-41-fast-reasoning,3,true
hmmt_nov_2025,26,Grok 4.1 Fast (Reasoning),xai/grok-41-fast-reasoning,0,true
hmmt_nov_2025,26,Grok 4.1 Fast (Reasoning),xai/grok-41-fast-reasoning,1,true
hmmt_nov_2025,26,Grok 4.1 Fast (Reasoning),xai/grok-41-fast-reasoning,2,true
hmmt_nov_2025,26,Grok 4.1 Fast (Reasoning),xai/grok-41-fast-reasoning,3,true
hmmt_nov_2025,24,Grok 4.1 Fast (Reasoning),xai/grok-41-fast-reasoning,0,true
hmmt_nov_2025,24,Grok 4.1 Fast (Reasoning),xai/grok-41-fast-reasoning,1,true
hmmt_nov_2025,24,Grok 4.1 Fast (Reasoning),xai/grok-41-fast-reasoning,2,true
hmmt_nov_2025,24,Grok 4.1 Fast (Reasoning),xai/grok-41-fast-reasoning,3,true
hmmt_nov_2025,8,Grok 4.1 Fast (Reasoning),xai/grok-41-fast-reasoning,0,true
hmmt_nov_2025,8,Grok 4.1 Fast (Reasoning),xai/grok-41-fast-reasoning,1,true
hmmt_nov_2025,8,Grok 4.1 Fast (Reasoning),xai/grok-41-fast-reasoning,2,true
hmmt_nov_2025,8,Grok 4.1 Fast (Reasoning),xai/grok-41-fast-reasoning,3,true
hmmt_nov_2025,16,Grok 4.1 Fast (Reasoning),xai/grok-41-fast-reasoning,0,true
hmmt_nov_2025,16,Grok 4.1 Fast (Reasoning),xai/grok-41-fast-reasoning,1,true
hmmt_nov_2025,16,Grok 4.1 Fast (Reasoning),xai/grok-41-fast-reasoning,2,true
hmmt_nov_2025,16,Grok 4.1 Fast (Reasoning),xai/grok-41-fast-reasoning,3,true
hmmt_nov_2025,4,Grok 4.1 Fast (Reasoning),xai/grok-41-fast-reasoning,0,true
hmmt_nov_2025,4,Grok 4.1 Fast (Reasoning),xai/grok-41-fast-reasoning,1,true
hmmt_nov_2025,4,Grok 4.1 Fast (Reasoning),xai/grok-41-fast-reasoning,2,true
hmmt_nov_2025,4,Grok 4.1 Fast (Reasoning),xai/grok-41-fast-reasoning,3,true
hmmt_nov_2025,18,Grok 4.1 Fast (Reasoning),xai/grok-41-fast-reasoning,0,true
hmmt_nov_2025,18,Grok 4.1 Fast (Reasoning),xai/grok-41-fast-reasoning,1,true
hmmt_nov_2025,18,Grok 4.1 Fast (Reasoning),xai/grok-41-fast-reasoning,2,true
hmmt_nov_2025,18,Grok 4.1 Fast (Reasoning),xai/grok-41-fast-reasoning,3,true
hmmt_nov_2025,23,Grok 4.1 Fast (Reasoning),xai/grok-41-fast-reasoning,0,true
hmmt_nov_2025,23,Grok 4.1 Fast (Reasoning),xai/grok-41-fast-reasoning,1,true
hmmt_nov_2025,23,Grok 4.1 Fast (Reasoning),xai/grok-41-fast-reasoning,2,true
hmmt_nov_2025,23,Grok 4.1 Fast (Reasoning),xai/grok-41-fast-reasoning,3,true
hmmt_nov_2025,22,Grok 4.1 Fast (Reasoning),xai/grok-41-fast-reasoning,0,true
hmmt_nov_2025,22,Grok 4.1 Fast (Reasoning),xai/grok-41-fast-reasoning,1,true
hmmt_nov_2025,22,Grok 4.1 Fast (Reasoning),xai/grok-41-fast-reasoning,2,true
hmmt_nov_2025,22,Grok 4.1 Fast (Reasoning),xai/grok-41-fast-reasoning,3,true
hmmt_nov_2025,17,Grok 4.1 Fast (Reasoning),xai/grok-41-fast-reasoning,0,true
hmmt_nov_2025,17,Grok 4.1 Fast (Reasoning),xai/grok-41-fast-reasoning,1,true
hmmt_nov_2025,17,Grok 4.1 Fast (Reasoning),xai/grok-41-fast-reasoning,2,true
hmmt_nov_2025,17,Grok 4.1 Fast (Reasoning),xai/grok-41-fast-reasoning,3,true
hmmt_nov_2025,3,Grok 4.1 Fast (Reasoning),xai/grok-41-fast-reasoning,0,true
hmmt_nov_2025,3,Grok 4.1 Fast (Reasoning),xai/grok-41-fast-reasoning,1,true
hmmt_nov_2025,3,Grok 4.1 Fast (Reasoning),xai/grok-41-fast-reasoning,2,true
hmmt_nov_2025,3,Grok 4.1 Fast (Reasoning),xai/grok-41-fast-reasoning,3,true
hmmt_nov_2025,20,Grok 4.1 Fast (Reasoning),xai/grok-41-fast-reasoning,0,true
hmmt_nov_2025,20,Grok 4.1 Fast (Reasoning),xai/grok-41-fast-reasoning,1,true
hmmt_nov_2025,20,Grok 4.1 Fast (Reasoning),xai/grok-41-fast-reasoning,2,true
hmmt_nov_2025,20,Grok 4.1 Fast (Reasoning),xai/grok-41-fast-reasoning,3,true
hmmt_nov_2025,9,Grok 4.1 Fast (Reasoning),xai/grok-41-fast-reasoning,0,true
hmmt_nov_2025,9,Grok 4.1 Fast (Reasoning),xai/grok-41-fast-reasoning,1,true
hmmt_nov_2025,9,Grok 4.1 Fast (Reasoning),xai/grok-41-fast-reasoning,2,true
hmmt_nov_2025,9,Grok 4.1 Fast (Reasoning),xai/grok-41-fast-reasoning,3,true
hmmt_nov_2025,29,Grok 4.1 Fast (Reasoning),xai/grok-41-fast-reasoning,0,true
hmmt_nov_2025,29,Grok 4.1 Fast (Reasoning),xai/grok-41-fast-reasoning,1,true
hmmt_nov_2025,29,Grok 4.1 Fast (Reasoning),xai/grok-41-fast-reasoning,2,true
hmmt_nov_2025,29,Grok 4.1 Fast (Reasoning),xai/grok-41-fast-reasoning,3,true
hmmt_nov_2025,19,Grok 4.1 Fast (Reasoning),xai/grok-41-fast-reasoning,0,true
hmmt_nov_2025,19,Grok 4.1 Fast (Reasoning),xai/grok-41-fast-reasoning,1,true
hmmt_nov_2025,19,Grok 4.1 Fast (Reasoning),xai/grok-41-fast-reasoning,2,true
hmmt_nov_2025,19,Grok 4.1 Fast (Reasoning),xai/grok-41-fast-reasoning,3,true
hmmt_nov_2025,6,Grok 4.1 Fast (Reasoning),xai/grok-41-fast-reasoning,0,true
hmmt_nov_2025,6,Grok 4.1 Fast (Reasoning),xai/grok-41-fast-reasoning,1,true
hmmt_nov_2025,6,Grok 4.1 Fast (Reasoning),xai/grok-41-fast-reasoning,2,true
hmmt_nov_2025,6,Grok 4.1 Fast (Reasoning),xai/grok-41-fast-reasoning,3,true
hmmt_nov_2025,5,Grok 4.1 Fast (Reasoning),xai/grok-41-fast-reasoning,0,true
hmmt_nov_2025,5,Grok 4.1 Fast (Reasoning),xai/grok-41-fast-reasoning,1,true
hmmt_nov_2025,5,Grok 4.1 Fast (Reasoning),xai/grok-41-fast-reasoning,2,true
hmmt_nov_2025,5,Grok 4.1 Fast (Reasoning),xai/grok-41-fast-reasoning,3,true
hmmt_nov_2025,2,Grok 4,xai/grok-4,0,true
hmmt_nov_2025,2,Grok 4,xai/grok-4,1,true
hmmt_nov_2025,2,Grok 4,xai/grok-4,2,true
hmmt_nov_2025,2,Grok 4,xai/grok-4,3,true
hmmt_nov_2025,15,Grok 4,xai/grok-4,0,true
hmmt_nov_2025,15,Grok 4,xai/grok-4,1,true
hmmt_nov_2025,15,Grok 4,xai/grok-4,2,true
hmmt_nov_2025,15,Grok 4,xai/grok-4,3,true
hmmt_nov_2025,13,Grok 4,xai/grok-4,0,true
hmmt_nov_2025,13,Grok 4,xai/grok-4,1,true
hmmt_nov_2025,13,Grok 4,xai/grok-4,2,true
hmmt_nov_2025,13,Grok 4,xai/grok-4,3,true
hmmt_nov_2025,11,Grok 4,xai/grok-4,0,true
hmmt_nov_2025,11,Grok 4,xai/grok-4,1,true
hmmt_nov_2025,11,Grok 4,xai/grok-4,2,true
hmmt_nov_2025,11,Grok 4,xai/grok-4,3,true
hmmt_nov_2025,21,Grok 4,xai/grok-4,0,true
hmmt_nov_2025,21,Grok 4,xai/grok-4,1,true
hmmt_nov_2025,21,Grok 4,xai/grok-4,2,true
hmmt_nov_2025,21,Grok 4,xai/grok-4,3,true
hmmt_nov_2025,27,Grok 4,xai/grok-4,0,true
hmmt_nov_2025,27,Grok 4,xai/grok-4,1,true
hmmt_nov_2025,27,Grok 4,xai/grok-4,2,true
hmmt_nov_2025,27,Grok 4,xai/grok-4,3,false
hmmt_nov_2025,7,Grok 4,xai/grok-4,0,true
hmmt_nov_2025,7,Grok 4,xai/grok-4,1,true
hmmt_nov_2025,7,Grok 4,xai/grok-4,2,true
hmmt_nov_2025,7,Grok 4,xai/grok-4,3,true
hmmt_nov_2025,28,Grok 4,xai/grok-4,0,false
hmmt_nov_2025,28,Grok 4,xai/grok-4,1,false
hmmt_nov_2025,28,Grok 4,xai/grok-4,2,false
hmmt_nov_2025,28,Grok 4,xai/grok-4,3,false
hmmt_nov_2025,25,Grok 4,xai/grok-4,0,true
hmmt_nov_2025,25,Grok 4,xai/grok-4,1,true
hmmt_nov_2025,25,Grok 4,xai/grok-4,2,true
hmmt_nov_2025,25,Grok 4,xai/grok-4,3,true
hmmt_nov_2025,10,Grok 4,xai/grok-4,0,false
hmmt_nov_2025,10,Grok 4,xai/grok-4,1,false
hmmt_nov_2025,10,Grok 4,xai/grok-4,2,false
hmmt_nov_2025,10,Grok 4,xai/grok-4,3,false
hmmt_nov_2025,1,Grok 4,xai/grok-4,0,true
hmmt_nov_2025,1,Grok 4,xai/grok-4,1,true
hmmt_nov_2025,1,Grok 4,xai/grok-4,2,true
hmmt_nov_2025,1,Grok 4,xai/grok-4,3,true
hmmt_nov_2025,14,Grok 4,xai/grok-4,0,true
hmmt_nov_2025,14,Grok 4,xai/grok-4,1,true
hmmt_nov_2025,14,Grok 4,xai/grok-4,2,true
hmmt_nov_2025,14,Grok 4,xai/grok-4,3,true
hmmt_nov_2025,30,Grok 4,xai/grok-4,0,true
hmmt_nov_2025,30,Grok 4,xai/grok-4,1,false
hmmt_nov_2025,30,Grok 4,xai/grok-4,2,false
hmmt_nov_2025,30,Grok 4,xai/grok-4,3,false
hmmt_nov_2025,12,Grok 4,xai/grok-4,0,true
hmmt_nov_2025,12,Grok 4,xai/grok-4,1,true
hmmt_nov_2025,12,Grok 4,xai/grok-4,2,true
hmmt_nov_2025,12,Grok 4,xai/grok-4,3,true
hmmt_nov_2025,26,Grok 4,xai/grok-4,0,true
hmmt_nov_2025,26,Grok 4,xai/grok-4,1,true
hmmt_nov_2025,26,Grok 4,xai/grok-4,2,true
hmmt_nov_2025,26,Grok 4,xai/grok-4,3,true
hmmt_nov_2025,24,Grok 4,xai/grok-4,0,true
hmmt_nov_2025,24,Grok 4,xai/grok-4,1,true
hmmt_nov_2025,24,Grok 4,xai/grok-4,2,true
hmmt_nov_2025,24,Grok 4,xai/grok-4,3,true
hmmt_nov_2025,8,Grok 4,xai/grok-4,0,true
hmmt_nov_2025,8,Grok 4,xai/grok-4,1,true
hmmt_nov_2025,8,Grok 4,xai/grok-4,2,true
hmmt_nov_2025,8,Grok 4,xai/grok-4,3,false
hmmt_nov_2025,16,Grok 4,xai/grok-4,0,true
hmmt_nov_2025,16,Grok 4,xai/grok-4,1,true
hmmt_nov_2025,16,Grok 4,xai/grok-4,2,true
hmmt_nov_2025,16,Grok 4,xai/grok-4,3,false
hmmt_nov_2025,4,Grok 4,xai/grok-4,0,true
hmmt_nov_2025,4,Grok 4,xai/grok-4,1,true
hmmt_nov_2025,4,Grok 4,xai/grok-4,2,true
hmmt_nov_2025,4,Grok 4,xai/grok-4,3,true
hmmt_nov_2025,18,Grok 4,xai/grok-4,0,true
hmmt_nov_2025,18,Grok 4,xai/grok-4,1,true
hmmt_nov_2025,18,Grok 4,xai/grok-4,2,true
hmmt_nov_2025,18,Grok 4,xai/grok-4,3,true
hmmt_nov_2025,23,Grok 4,xai/grok-4,0,true
hmmt_nov_2025,23,Grok 4,xai/grok-4,1,true
hmmt_nov_2025,23,Grok 4,xai/grok-4,2,true
hmmt_nov_2025,23,Grok 4,xai/grok-4,3,true
hmmt_nov_2025,22,Grok 4,xai/grok-4,0,true
hmmt_nov_2025,22,Grok 4,xai/grok-4,1,true
hmmt_nov_2025,22,Grok 4,xai/grok-4,2,true
hmmt_nov_2025,22,Grok 4,xai/grok-4,3,true
hmmt_nov_2025,17,Grok 4,xai/grok-4,0,true
hmmt_nov_2025,17,Grok 4,xai/grok-4,1,true
hmmt_nov_2025,17,Grok 4,xai/grok-4,2,true
hmmt_nov_2025,17,Grok 4,xai/grok-4,3,true
hmmt_nov_2025,3,Grok 4,xai/grok-4,0,true
hmmt_nov_2025,3,Grok 4,xai/grok-4,1,true
hmmt_nov_2025,3,Grok 4,xai/grok-4,2,true
hmmt_nov_2025,3,Grok 4,xai/grok-4,3,true
hmmt_nov_2025,20,Grok 4,xai/grok-4,0,true
hmmt_nov_2025,20,Grok 4,xai/grok-4,1,true
hmmt_nov_2025,20,Grok 4,xai/grok-4,2,true
hmmt_nov_2025,20,Grok 4,xai/grok-4,3,true
hmmt_nov_2025,9,Grok 4,xai/grok-4,0,true
hmmt_nov_2025,9,Grok 4,xai/grok-4,1,true
hmmt_nov_2025,9,Grok 4,xai/grok-4,2,true
hmmt_nov_2025,9,Grok 4,xai/grok-4,3,true
hmmt_nov_2025,29,Grok 4,xai/grok-4,0,true
hmmt_nov_2025,29,Grok 4,xai/grok-4,1,true
hmmt_nov_2025,29,Grok 4,xai/grok-4,2,true
hmmt_nov_2025,29,Grok 4,xai/grok-4,3,true
hmmt_nov_2025,19,Grok 4,xai/grok-4,0,true
hmmt_nov_2025,19,Grok 4,xai/grok-4,1,true
hmmt_nov_2025,19,Grok 4,xai/grok-4,2,true
hmmt_nov_2025,19,Grok 4,xai/grok-4,3,true
hmmt_nov_2025,6,Grok 4,xai/grok-4,0,true
hmmt_nov_2025,6,Grok 4,xai/grok-4,1,true
hmmt_nov_2025,6,Grok 4,xai/grok-4,2,true
hmmt_nov_2025,6,Grok 4,xai/grok-4,3,true
hmmt_nov_2025,5,Grok 4,xai/grok-4,0,true
hmmt_nov_2025,5,Grok 4,xai/grok-4,1,true
hmmt_nov_2025,5,Grok 4,xai/grok-4,2,true
hmmt_nov_2025,5,Grok 4,xai/grok-4,3,true
